_Airtable Record ID,Tag,Summary,Date,Related People,Related Documents,Related Events,Document Images,Days Since Created,# Related People,# Related Events,Related People Names,Related Event Names,AI: Summary Analysis,AI: Information Category (Detailed),From field: Type of Information,Documents Record ID,Last Modified,Published,Slug,Documents,Locations,Related Vehicles,Tagged Under
recTMiG4WfngIFgng,The 340 Cipher,"A cryptic message sent by the Zodiac Killer to the San Francisco Chronicle in November 1969, which remained unsolved for over 50 years. The cipher consists of 340 characters and has been the subject of much speculation and analysis.
",1969-10-22,"rech3D7sonIMHkOft,recSSU3Hx8U3H6Lhj","recpL4suaFe0P6HUN,recXk6x0xqypprIiy","recN6S562eBCWkheW,reczXzxypLYxWVurC,recnmd867Ux51ETpf,recAJjplezVzhY2GE,recMSeliSPFlH7kGX","image.png (data/media/attU7mQggJmWNQkxf_image.png),DrippingPenCardOutside.tif (data/media/attkCqyiDG7FmBRiU_DrippingPenCardOutside.tif),DrippingPenInside.PNG (data/media/attUhXEYpME8uyAoC_DrippingPenInside.PNG),image.png (data/media/attAItw2e6C8i2r8r_image.png),Dripping_Pen_envelope.tif (data/media/atte03RJA53mbRXOj_Dripping_Pen_envelope.tif),DrippingPenCardOutside.PNG (data/media/attLIqjsbXBG5oIea_DrippingPenCardOutside.PNG),image.png (data/media/attcZvN42zI2W46ln_image.png),image.png (data/media/attg9iyfN3kTX35x7_image.png),DrippingPenInside.tif (data/media/attTDUwRh7FOnahSW_DrippingPenInside.tif)",20572,2,5,"Arthur Leigh Allen, American Cryptogram Association","The Dripping Pen Card & Z340 Cipher mailed, Z340 Cipher Solved (announced), FBI Confirms Z340 Solved, Dr. D.C.B. Marsh dares Zodiac to reveal name, Dr. Marsh interviewed in Colorado about Zodiac and cryptograms","{""isStale"": true, ""state"": ""generated"", ""value"": ""The 340 Cipher is a key piece of cryptographic evidence in the Zodiac case, drawing attention from amateur and professional codebreakers for decades.""}","{""isStale"": true, ""state"": ""generated"", ""value"": ""Evidence: Cipher/Communication""}",recj1bIkCfoFuTykE,recTMiG4WfngIFgng,2026-02-15T17:17:57.000Z,true,the-340-cipher,,,,
recNDQiiKZS8J0t9h,Paul Stine's Taxi Murder,"On October 11, 1969, cab driver Paul Stine was shot and killed in San Francisco. The Zodiac claimed responsibility, and the case is notable for the killer's interaction with police and the subsequent letter containing a piece of Stine's shirt.
",1939-12-12,"recfaGz7ecM0l0K1x,recZHzyw7b6YosgGX,recEyiOvHsnprdzFK,recd5q3JwYg9l0yOy,recBksQ4rNpargfGq","rec9jKpROct4rZkrc,rec1ZecWRSJGaClcI,recbH6z57aVLl2i2y,reczJPVU0t6Tb78U1,recmEKgnr4Zc3tbkW,reczoUIdJkheOf6q6,recZrWXJRGrAJqWAi,rec7lD9FV1gMXLCEY,rec1ZecWRSJGaClcI,rec9jKpROct4rZkrc,reczJPVU0t6Tb78U1,recZrWXJRGrAJqWAi,recZrWXJRGrAJqWAi,recZpfnOLRjcJcuQj,rec9jKpROct4rZkrc,recbvhSPrUlOLK8uQ,recbIWEBEmulIsELt,recHCobnJv7S3C8N7","rec7ir3vRKETmXfrI,reczWfmvvVX3Hr9oM,recV9MtCSaGQs2Bl1,recPi2JfcqYezenoB,rec4kqiUdO856Aagg,recioDw6AsD9fQLod,recRzzeO1vsCNCb3y,recPovQRdeDUY9cCq,recoa3PUngQgNc4d0,recHZ9Ji4tp7q0AWU,recATdf0n9etcTyEl,recaNqRKeh6Vtnk01,recXknCyKvIzH91gd,recFhKHTgAm3oOJ25,rec1uwEWjQBj05nVj,recbSfWBOh5BtqEPr,recbkiWmOu8n2DmPp,reciUigM6gBvGSlbn,recZedrtgqs4xEy0N,rec9QAABj9WCCIib9,recrX8VnPhVyFUOtL,recrSOS3UQgzWZ1MW,recCtxg7bs49zCxb6,recFO9ZjcS8Ha1r6g,recUaR76C89J0wwzI,recUbqdTlUUzuMoZC,recwYzG6Dnz21lNGT,recuQ2iTx1GmEP8tB,recWKvClmWUG8bOVf,recuNImVktLs4oKzk","image.png (data/media/attR8KiwYtTpE8oLL_image.png),Copy_of_1969-10-13_Envelope3...tif (data/media/attOmtCAwy3q2TTH3_Copy_of_1969-10-13_Envelope3...tif),10.13.69.Inside.tif (data/media/attNZ3DPHnwqxOUFX_10.13.69.Inside.tif),StineEnvelope.tif (data/media/attksD4CTXfYLBfOH_StineEnvelope.tif),Stine_Envelope.PNG (data/media/att81lyfQr4TTbS9w_Stine_Envelope.PNG),10.13.69Inside.PNG (data/media/attP5Kw72aYxDls9h_10.13.69Inside.PNG),Paul_Stine_Police_Report_1_-_redacted.jpg (data/media/att5R9raoRrmVgwfC_Paul_Stine_Police_Report_1_-_redacted.jpg),Paul_Stine_Police_Report_2_-_redacted.jpg (data/media/attSPWDcPoTaOts46_Paul_Stine_Police_Report_2_-_redacted.jpg),image.png (data/media/attz4KjOV7u33QDhh_image.png),image.png (data/media/attUQRZnnREyc5UDQ_image.png),image.png (data/media/attNVd4aE84hMF4Ta_image.png),image.png (data/media/attcqEViYXngUh8US_image.png),doj34.gif (data/media/att3JrIWIEV5Tk3kA_doj34.gif),doj33.gif (data/media/attwxy4u7ItRBKIMq_doj33.gif),doj32.gif (data/media/attrhIGKln8OFJSCa_doj32.gif),doj31.gif (data/media/attZUoFmnwYpGLnDK_doj31.gif),doj30.gif (data/media/attTQsIQed63Z0wZk_doj30.gif),doj29.gif (data/media/att0VlfPTqFU0rm2G_doj29.gif),doj28.gif (data/media/attaMjLMMkkjnWUyo_doj28.gif),doj27.gif (data/media/attnnQ5Tx1ZlT2uZd_doj27.gif),doj26.gif (data/media/att4WRUYvUZFp2xCP_doj26.gif),doj25.gif (data/media/attczIZ0WD4G114Rw_doj25.gif),doj24.gif (data/media/attL35Hfye7NSxTuc_doj24.gif),doj23.gif (data/media/attcgTGxJxyoXOFu4_doj23.gif),doj22.gif (data/media/attAdOnK6AqbSJUBY_doj22.gif),doj21.gif (data/media/attw2s9amppKDHmFZ_doj21.gif),doj20.gif (data/media/attCQAHKllNswGCtS_doj20.gif),doj19.gif (data/media/attInEZ3IhPoQ7LeP_doj19.gif),doj18.gif (data/media/attuQ188zQdsJBCm5_doj18.gif),doj17.gif (data/media/attnUSz9Kv6LVDJ2C_doj17.gif),doj16.gif (data/media/attFxTTRh5kAoFH4L_doj16.gif),doj15.gif (data/media/attlJlxgl5704vi5K_doj15.gif),doj14.gif (data/media/attako0Olfth0N46H_doj14.gif),doj13.gif (data/media/attM1Aro8U6EeNwEi_doj13.gif),doj12.gif (data/media/atts1WhKCF75414YP_doj12.gif),doj11.gif (data/media/att98KiLYx1fVFedW_doj11.gif),doj10.gif (data/media/att0x8pg77PVlnSK4_doj10.gif),doj9.gif (data/media/attPyo7822MJTlUzC_doj9.gif),doj8.gif (data/media/attehZUo2c2czsHJs_doj8.gif),doj7.gif (data/media/attmmBM0hIEGt1dXw_doj7.gif),doj6.gif (data/media/attUttMADTtLcclVt_doj6.gif),doj5.gif (data/media/att9gZ3S5c8ObMZ7A_doj5.gif),doj4.gif (data/media/attT3Gwe6s65oANkB_doj4.gif),doj3.gif (data/media/attXE5hFojtFAftIP_doj3.gif),doj2.gif (data/media/attGn9bSnuqQkTjZG_doj2.gif),doj1.gif (data/media/attXY7fQJngD44VIu_doj1.gif),image.png (data/media/attHktIi1N7qzXKa5_image.png),image.png (data/media/att47OqnYsP39zw6j_image.png),image.png (data/media/attR8KiwYtTpE8oLL_image.png),Copy_of_1969-10-13_Envelope3...tif (data/media/attOmtCAwy3q2TTH3_Copy_of_1969-10-13_Envelope3...tif),10.13.69.Inside.tif (data/media/attNZ3DPHnwqxOUFX_10.13.69.Inside.tif),StineEnvelope.tif (data/media/attksD4CTXfYLBfOH_StineEnvelope.tif),Stine_Envelope.PNG (data/media/att81lyfQr4TTbS9w_Stine_Envelope.PNG),10.13.69Inside.PNG (data/media/attP5Kw72aYxDls9h_10.13.69Inside.PNG),Paul_Stine_Police_Report_1_-_redacted.jpg (data/media/att5R9raoRrmVgwfC_Paul_Stine_Police_Report_1_-_redacted.jpg),Paul_Stine_Police_Report_2_-_redacted.jpg (data/media/attSPWDcPoTaOts46_Paul_Stine_Police_Report_2_-_redacted.jpg),image.png (data/media/attz4KjOV7u33QDhh_image.png),image.png (data/media/attqm68PRcAWIk9I2_image.png),image.png (data/media/attVjpJYQLLcS7qBu_image.png),image.png (data/media/attcqEViYXngUh8US_image.png),image.png (data/media/attR8KiwYtTpE8oLL_image.png),Copy_of_1969-10-13_Envelope3...tif (data/media/attOmtCAwy3q2TTH3_Copy_of_1969-10-13_Envelope3...tif),10.13.69.Inside.tif (data/media/attNZ3DPHnwqxOUFX_10.13.69.Inside.tif),StineEnvelope.tif (data/media/attksD4CTXfYLBfOH_StineEnvelope.tif),Stine_Envelope.PNG (data/media/att81lyfQr4TTbS9w_Stine_Envelope.PNG),10.13.69Inside.PNG (data/media/attP5Kw72aYxDls9h_10.13.69Inside.PNG),The_Modesto_Bee_1969_11_03_9.jpg (data/media/attRXfwwZsrDMwtDz_The_Modesto_Bee_1969_11_03_9.jpg),1969-11-8_9_0a-envelope.tif (data/media/attOcDS7V00BSFJ0e_1969-11-8_9_0a-envelope.tif),image.png (data/media/att2u52YdTJqdz4bQ_image.png),1969-11-8_9_01.tif (data/media/attAgzMoCzDyEMjqu_1969-11-8_9_01.tif),bbl2hr.jpg (data/media/att618pP7OsPiCiPq_bbl2hr.jpg),1969-11-8_9_02.tif (data/media/attrNAOIvjfNpgLVI_1969-11-8_9_02.tif),bbl3hr.jpg (data/media/att2aL5UgCOim4Yes_bbl3hr.jpg),bbl4hr.jpg (data/media/att9zqWQsGVpIhYaV_bbl4hr.jpg),1969-11-8_9_04.tif (data/media/atth6bIBKaWv6bdAC_1969-11-8_9_04.tif),bbl5hr.jpg (data/media/attRRUyYTiqNE1dUb_bbl5hr.jpg),1969-11-8_9-diagramALT.tif (data/media/attcSYcjNFMeZ6vsv_1969-11-8_9-diagramALT.tif),Bus_Bomb_Diagram.tif (data/media/attRMsRXq38qL9Ubx_Bus_Bomb_Diagram.tif),1969-11-8_9-06.PNG (data/media/attLnEGOE6cknWmQD_1969-11-8_9-06.PNG),1969-11-8_9_07.PNG (data/media/att5AqmN3qqj3uz4Q_1969-11-8_9_07.PNG)",31479,5,30,"Joe Charles Stine, Armand Pelisetti, Frank Peda, LeRoy Sweet, David Toschi","The Murder of Paul Stine in Presidio Heights, Stine Letter is published, Zodiac linked, Joe C. Stine dies, Joe Stine challenges Zodiac, Paul Stine picks up Zodiac at Mason & Geary, Paul Stine is born, Paul Stine's funeral, Paul Stine ""bumps"" sleeping soldier, First police sketch is released, Paul Stine cremation, The Stine Letter w/ Shirt Piece, Paul Stine begins his shift, Paul Stine's father Teddy is mugged for $2, Paul Stine receives final dispatch from Mason & Geary to Presidio Heights, Paul Stine graduates 8th grade, Paul Stine interns for Democratic campaign, Paul Stine wins Lions Club speech contest, Suspicious ""Aroused"" letter to Modesto Bee re: Joe Stine, Teenage witnesses see Zodiac wiping down cab, First officers (Pelisetti and Peda) respond to scene, Perimeter search of Presidio begins, Autopsy of Paul Stine, Revised police sketch of Stine killer released, Paul Stine funeral media coverage, July 1971 ALA meeting with Toschi and Armstrong , The Bus Bomb Letter, Fouke & Zelms encounter suspect on Jackson St., Dispatch Error – Incorrect Suspect Description, Donald Foukes is re-interviewed about Stine murder, Fouke report on Stine murder","{""isStale"": true, ""state"": ""generated"", ""value"": ""Paul Stine's murder is significant due to the evidence left behind and the Zodiac's taunting of law enforcement.""}","{""isStale"": true, ""state"": ""generated"", ""value"": ""Evidence: Crime Scene""}",rec4i3CMjLGAYOEhi,recNDQiiKZS8J0t9h,2026-02-15T17:18:01.000Z,true,paul-stine-s-taxi-murder,"recbH6z57aVLl2i2y,rec1ZecWRSJGaClcI,rec9jKpROct4rZkrc,reczJPVU0t6Tb78U1,recNowHkOdIoYVPjW,recmEKgnr4Zc3tbkW,recbvhSPrUlOLK8uQ,recZrWXJRGrAJqWAi,rec7lD9FV1gMXLCEY","rec9UfsbEebcoxW8O,rec85gfZwHdji8FdG",recJIpaVqjcIkp4at,
receWYqyZXkYs9n2J,Non-Canonical Crimes,,1962-04-11,"recsm8qP36ci4XfaW,recQtG7CYhL21Bmxw","reciW708qO3qG0Q8m,recjTEYvHV3sKiOm3,recO6vZ7yYT8HDUc1,recKRM7pUxxJcgxwK,rec690qQsDkekpE3v,recO6vZ7yYT8HDUc1","recygMQrhavJKZ2Qz,recytWrpVgR2gwLQU,recMWZ6w3JJmVXsmd,rec5GoyI3M52m5F5q,recaIh7bnv1F5Uj2C,recFFSKEFx7Q5CKxl,rec704ld5gpDxDLY3,recUglzi449My3zuL","image.png (data/media/attBSBCVzvk4v5ryK_image.png),image.png (data/media/attRs5i3h6vOKwJbu_image.png),image.png (data/media/attQKvSDZjivBobvl_image.png),image.png (data/media/attSmPoUd5PxxroSG_image.png),image.png (data/media/attOJLcRRbB4Rwqte_image.png),image.png (data/media/att8mNOLA30NouOgp_image.png),image.png (data/media/att8mNOLA30NouOgp_image.png)",23323,2,8,"Lake Berryessa Sniper, Daniel B. Williams","Cheri Jo Bates Homicide, The Confession Letters sent to Riverside Police, “Bates Had to Die” Letters, Donna Lass disappears, Donna Lass remains recovered, Daniel Williams begins receiving threatening phone calls from ""Zodiac"", Ray Davis murdered in taxi cab, Bates desktop poem discovered","{""errorType"": ""emptyDependency"", ""isStale"": false, ""state"": ""error"", ""value"": null}","{""errorType"": ""emptyDependency"", ""isStale"": false, ""state"": ""error"", ""value"": null}","rec4i3CMjLGAYOEhi,recGZww4h3NB4LFRY,recVg2H8YXjWXz7GQ",receWYqyZXkYs9n2J,2026-02-15T17:18:01.000Z,true,non-canonical-crimes,reciW708qO3qG0Q8m,,,
rec8HlpeGk8KlrXoi,Attack at Blue Rock Springs Park,,1949-10-29,"recGZwp9mtC6qB9Hd,rec0mHA5xfMB7wYES,recRqEatrDv8cGa4n,recYsTacWihQw243l,rec5ZMZlwchZ0IHSr,recA0BUH34WoHczV1,recrgtrzf0W38VYXG,recSH3t6JshE3eNXM,rec3ueBEFTdMXtcsX,recxHTsdw4Tk0HbdF,reclujlbAlh3d9o6S,recyof9to5VAFdLOA,reco8oEDAUmCPTKut,rec5xkud0KogsrhBY,rec8QTxihIk1jKZoO,rec6Yp3WhNZLbnE0p,recBcRszrpzCKM2UO,rec7KaU666bCC1u0T,rec9bE0PxBpOGTpGq,recjFSh5jxnAJq8AP,rec0dOwJ1AL9UguKQ","recuxKDszc16AYdSr,recQRHciKVMIMSbzZ,recuxKDszc16AYdSr,rec9lm6P0MuT37tPM,recxJoUWelzbOBAhf,recuxKDszc16AYdSr,recmEKgnr4Zc3tbkW,recTgGoZYdULVFNJf,recB8zHeGvqrResSA,recBpdcyaOAwgH0Wv,reck5VUTkmvwyouDo,reck5VUTkmvwyouDo,recuxKDszc16AYdSr,recuxKDszc16AYdSr,recTgGoZYdULVFNJf","rec3uFgjJT93kVKzX,recONwZtq8jscehjB,rec9QfzB1ppoybp1K,rec8otCzZszFW1sSJ,recnbbIMZ1MhS4IeX,recmEBTDwX3gqFDqL,rec75Bc2SnyyZApfk,recR03x1a3texl0kk,recUAP70F3lrzODki,rec12xzXMfbLoGthB,recGCYh1cxxny5Pud,recJyBDrzbVfbtLgj,reczaMjzbQYpEEsLp,rect8AM1vJLYyqvZa,recyeCrQYyZapEMUL,recwgRaXmcykE4rB6,rect92Jr0FEeByRSu","image.png (data/media/attKPwnQEKHj561Xv_image.png),image.png (data/media/attOKS2Fsp9MUNVLX_image.png),image.png (data/media/attTiwGrISdxh1CDA_image.png),image.png (data/media/attKZQAFihytPmxVL_image.png),image.png (data/media/attF2B3x7CkaHAvER_image.png),image.png (data/media/attdJbfwaaC6twFZX_image.png),image.png (data/media/attW0OimSUDmQDeIR_image.png),SF_Examiner_Env.PNG (data/media/att7NWd9VFsHNuZjb_SF_Examiner_Env.PNG),SF_Examiner_Letter_Cipher__Envelope.PNG (data/media/attxsoKF23UKKuo4d_SF_Examiner_Letter_Cipher__Envelope.PNG),doj34.gif (data/media/att3JrIWIEV5Tk3kA_doj34.gif),doj33.gif (data/media/attwxy4u7ItRBKIMq_doj33.gif),doj32.gif (data/media/attrhIGKln8OFJSCa_doj32.gif),doj31.gif (data/media/attZUoFmnwYpGLnDK_doj31.gif),doj30.gif (data/media/attTQsIQed63Z0wZk_doj30.gif),doj29.gif (data/media/att0VlfPTqFU0rm2G_doj29.gif),doj28.gif (data/media/attaMjLMMkkjnWUyo_doj28.gif),doj27.gif (data/media/attnnQ5Tx1ZlT2uZd_doj27.gif),doj26.gif (data/media/att4WRUYvUZFp2xCP_doj26.gif),doj25.gif (data/media/attczIZ0WD4G114Rw_doj25.gif),doj24.gif (data/media/attL35Hfye7NSxTuc_doj24.gif),doj23.gif (data/media/attcgTGxJxyoXOFu4_doj23.gif),doj22.gif (data/media/attAdOnK6AqbSJUBY_doj22.gif),doj21.gif (data/media/attw2s9amppKDHmFZ_doj21.gif),doj20.gif (data/media/attCQAHKllNswGCtS_doj20.gif),doj19.gif (data/media/attInEZ3IhPoQ7LeP_doj19.gif),doj18.gif (data/media/attuQ188zQdsJBCm5_doj18.gif),doj17.gif (data/media/attnUSz9Kv6LVDJ2C_doj17.gif),doj16.gif (data/media/attFxTTRh5kAoFH4L_doj16.gif),doj15.gif (data/media/attlJlxgl5704vi5K_doj15.gif),doj14.gif (data/media/attako0Olfth0N46H_doj14.gif),doj13.gif (data/media/attM1Aro8U6EeNwEi_doj13.gif),doj12.gif (data/media/atts1WhKCF75414YP_doj12.gif),doj11.gif (data/media/att98KiLYx1fVFedW_doj11.gif),doj10.gif (data/media/att0x8pg77PVlnSK4_doj10.gif),doj9.gif (data/media/attPyo7822MJTlUzC_doj9.gif),doj8.gif (data/media/attehZUo2c2czsHJs_doj8.gif),doj7.gif (data/media/attmmBM0hIEGt1dXw_doj7.gif),doj6.gif (data/media/attUttMADTtLcclVt_doj6.gif),doj5.gif (data/media/att9gZ3S5c8ObMZ7A_doj5.gif),doj4.gif (data/media/attT3Gwe6s65oANkB_doj4.gif),doj3.gif (data/media/attXE5hFojtFAftIP_doj3.gif),doj2.gif (data/media/attGn9bSnuqQkTjZG_doj2.gif),doj1.gif (data/media/attXY7fQJngD44VIu_doj1.gif),image.png (data/media/attqfSAMB9i4bKXKY_image.png),DarleneFerrinAutopsy.jpg (data/media/attHlqxXWyUkRcdqM_DarleneFerrinAutopsy.jpg),DarleneFerrinAutopsy.jpg (data/media/attHlqxXWyUkRcdqM_DarleneFerrinAutopsy.jpg),image.png (data/media/attqP2aEQZuQB2iUu_image.png)",27870,21,17,"Zodiac, Darlene (Suennen) Ferrin, Michael Renault Mageau, Ed Rust, Vallejo Police, Nancy Slover (Ludine Jones Earp), Richard Hoffman, Harvey Hines, Shohei Shirai, Coroner of Solano County, John P. Lynch, Dean Ferrin, Hogan High School, Leo Suennen III, Norma Jean (Hightower) Suennen, Leo Suennen Jr., Jim Phillips Crabtree, Peter Zander, William Garlington, Stephen Mageau, Carmen Elois Welch Mageau Vrana","Blue Rock Springs Shooting, Vallejo PD Confession Call, Mageau interviewed in ICU, Det. Rust arrives at scene, Darlene Ferrin pronounced dead on arrival, Autopsy of Darlene Ferrin, Officer Richard Hoffman checks park, Vallejo Police respond to call, Mageau's father interviewed by VPD, Jim Phillips Crabtree interviewed by Vallejo Police, Darlene Ferrin leaves home with Jim Phillips / Crabtree, Darlene (Suennen) Ferrin graduates Hogan High School, Darlene Suennen marries Jim Phillips Crabtree, Darlene and Jim Phillips Crabtree return to Vallejo, Darlene and Jim Phillips Crabtree divorce official, Michael Mageau is born, Michael Mageau identifies Arthur Leigh Allen","{""errorType"": ""emptyDependency"", ""isStale"": false, ""state"": ""error"", ""value"": null}","{""errorType"": ""emptyDependency"", ""isStale"": false, ""state"": ""error"", ""value"": null}",rec4i3CMjLGAYOEhi,rec8HlpeGk8KlrXoi,2026-02-15T17:18:01.000Z,true,attack-at-blue-rock-springs-park,"recuxKDszc16AYdSr,rec9lm6P0MuT37tPM,recxJoUWelzbOBAhf,recTgGoZYdULVFNJf","recMEZwnCFgLvvOBF,recCsSHMzfDUngh5j,recURm55M69p21vYN",,
recR0NFmznLOB0Nf6,Murders at Lake Herman Road,,1952-07-22,"recGZwp9mtC6qB9Hd,recYHJNyDqDUFw0ry,recVvuvbfvZdCyti3,rec6AP7smvQSXcKyA,recI0gNFiQpY1lgkB,recZshWVOxCNe3QdN,recSZQ2XNoqx3zDSc,recMAxXfQV9G79JUF,recE8SRsgDz4YiuaS,recg7IidjFRbEeyLC,rec4jEahgyYMSXffW,reclGDjt5ghvv8yaO,rece50yKSif6qIJjD,rec1qliMoF9pydyoK,recPqXiJKRfZyGcb6,recsyNNpyefPhchyU","recGTyY8JqkRkfuA0,recI3BVhR2QMDqJ8z,recpNEaKoOR6MfY0Z,recqTdrmyCAe5tM3S,recAHrz1MtGUe5e7l,rec311hdYt5arDP4U,rec2OBn51WmSB2sA7,recPkFeoF0P0uv3RV,recy5olhMwwaHFgDU,rec6bkK6UFkoMfgd9,reclaHGQhThXyQ5X6,recmEKgnr4Zc3tbkW,recukSymc2t0yDhYU,rec7Q2V9oJtAzSp7K,rec311hdYt5arDP4U,reclaHGQhThXyQ5X6,rec311hdYt5arDP4U,reclaHGQhThXyQ5X6,reclaHGQhThXyQ5X6,rec311hdYt5arDP4U,rec311hdYt5arDP4U,rec311hdYt5arDP4U,rec2OBn51WmSB2sA7,reclaHGQhThXyQ5X6,recPkFeoF0P0uv3RV,recy5olhMwwaHFgDU,recAHrz1MtGUe5e7l,recAHrz1MtGUe5e7l,recB8zHeGvqrResSA","recgJKENPX5dM7i8f,recONwZtq8jscehjB,recFdqZ6Rn53QHqL9,recbVrvunnpDEQp2s,recBEk4S1Y1NEAXt5,rec7WCKo6rJMnzZ0y,recyjFt6i09xmtq46,recxRbb0gbHArotFF,recCuyJknyUHz9wAm,recx0Q2TFdIt3ZJ6N,recVg54dq6eoO2BWK,recu4bDLu2lsBkv1G,rec6iK1tGR5UERtNN,recWjSWgciQ6BZkPu,recaZhpCKpH7OmSOb,rec7WIFYPqtLGn25K,recWGfBT7mjqCQGXJ,recY30vt5lwc34Ce7,rec5TmqOamTFJbOlI","lhr-crime_scene_sketch_4-redacted.jpg (data/media/attIBboqSFUbWx6xK_lhr-crime_scene_sketch_4-redacted.jpg),lhr-crime_scene_sketch_5-redacted.jpg (data/media/attOtqpL8Ka5KRcb7_lhr-crime_scene_sketch_5-redacted.jpg),lhr-crime_scene_sketch_6-redacted.jpg (data/media/attbxv6GHrtSh1flA_lhr-crime_scene_sketch_6-redacted.jpg),lhr-crime_scene_sketch_7-redacted.jpg (data/media/attJrrqgjradjum0Y_lhr-crime_scene_sketch_7-redacted.jpg),lhr-crime_scene_sketch-redacted.jpg (data/media/att3KK5FnAILX3rxp_lhr-crime_scene_sketch-redacted.jpg),lhr-crime_scene_sketch_1-redacted.jpg (data/media/attEr8fOjuvHKF893_lhr-crime_scene_sketch_1-redacted.jpg),lhr-crime_scene_sketch_2-redacted.jpg (data/media/attvD8Gcyj9x2q1Wx_lhr-crime_scene_sketch_2-redacted.jpg),vt__12_.webp (data/media/attqjrPLR0GTxpnzY_vt__12_.webp),vt__11_.webp (data/media/attpUrwlKKAzEkiQy_vt__11_.webp),lhr-crime_scene_sketch_3-redacted.jpg (data/media/attdEhX9CcbxNbxb3_lhr-crime_scene_sketch_3-redacted.jpg),vt__10_.webp (data/media/attCo9ZenJLlyX12z_vt__10_.webp),vt__9_.webp (data/media/att3aZwh4k1YRBKsH_vt__9_.webp),vt__8_.webp (data/media/attw7cIYv63UO4b9V_vt__8_.webp),vt__7_.webp (data/media/attd09E5r5cLi7Ee4_vt__7_.webp),vt__6_.webp (data/media/attAfOnyrZl7vT7r2_vt__6_.webp),vt__5_.webp (data/media/att6CTgX5CdiVtP87_vt__5_.webp),vt__4_.webp (data/media/attOhtn6DwTlImyKK_vt__4_.webp),vt__3_.webp (data/media/attWSRuSdtjDnAvH2_vt__3_.webp),vt__2_.webp (data/media/attxKD5iDkbX0LyE0_vt__2_.webp),vt__1_.webp (data/media/attQzl0qwWVRe74AB_vt__1_.webp),vt.webp (data/media/attsgNxX63dpkteJu_vt.webp),Lake_Herman_Road_-_Jensen_under_blanket_at_scene.jpg (data/media/atty0LTVIhycyTn9m_Lake_Herman_Road_-_Jensen_under_blanket_at_scene.jpg),Lake_Herman_Road_-_Police_and_others_at_crime_scene.jpg (data/media/attrq0fGJ3eCZwMgW_Lake_Herman_Road_-_Police_and_others_at_crime_scene.jpg),Lake_Herman_Road_-_Faraday_chalk_outline.jpg (data/media/attTLOKteu0geOlTw_Lake_Herman_Road_-_Faraday_chalk_outline.jpg),3810493_orig.jpg (data/media/attiIUbzdzVmeLG3N_3810493_orig.jpg),ZODIAC_-_Lake_Herman_Road_-_Rambler_w_bullet_hole_close_up_i.jpg (data/media/attsQ8Njv6kzVvRSw_ZODIAC_-_Lake_Herman_Road_-_Rambler_w_bullet_hole_close_up_i.jpg),Lake_Herman_Road_-_Faraday_chalk_outline_1.jpg (data/media/attkjoaOxqEMGMjYH_Lake_Herman_Road_-_Faraday_chalk_outline_1.jpg),Lake_Herman_Road_Rambler_exterior_and_interior-768x249.jpg (data/media/atts1p3vBfKcPqH4R_Lake_Herman_Road_Rambler_exterior_and_interior-768x249.jpg),Lake_Herman_Road_-_Faraday_Rambler.jpg (data/media/attSYrSkZtABqenWH_Lake_Herman_Road_-_Faraday_Rambler.jpg),Lake_Herman_Road_Rambler_exterior_and_interior.jpg (data/media/attsmHaBXy2tI3bc6_Lake_Herman_Road_Rambler_exterior_and_interior.jpg),Lake_Herman_Road_Faraday_Rambler_wide_shot_of_scene.jpg (data/media/attmInpmMewVTiJNK_Lake_Herman_Road_Faraday_Rambler_wide_shot_of_scene.jpg),LHR_-_Crime_scene_at_day_with_car_as_Rambler_location_refere__1_.jpg (data/media/attNkSCyMRK5twmus_LHR_-_Crime_scene_at_day_with_car_as_Rambler_location_refere__1_.jpg),LHR_-_Crime_scene_at_day_with_car_as_Rambler_location_refere.jpg (data/media/attn52AqOPqSSc7MU_LHR_-_Crime_scene_at_day_with_car_as_Rambler_location_refere.jpg),Lake_Herman_Road__-_1968_BW.jpg (data/media/attjNXUyUiq3BEt8I_Lake_Herman_Road__-_1968_BW.jpg),Lake_Herman_Road_1968_Long_shot_BW.jpg (data/media/attVm5bGId7HAjFTZ_Lake_Herman_Road_1968_Long_shot_BW.jpg),LHR_-_Lake_Herman_Road_Crime_Scene_aerial_close_up.jpg (data/media/attorTsfjqkANlAsK_LHR_-_Lake_Herman_Road_Crime_Scene_aerial_close_up.jpg),ZODIAC_-_Lake_Herman_Road_-_crime_scene_1968_2_BW.jpg (data/media/attHVgUhXdDLOkGuI_ZODIAC_-_Lake_Herman_Road_-_crime_scene_1968_2_BW.jpg),Bay_area_Lake_Herman_Road.jpg (data/media/attj38gVrMjqZDCAO_Bay_area_Lake_Herman_Road.jpg),image.png (data/media/attKulY1TznCDy6Vq_image.png),image.png (data/media/attxYqYb5Rdy3jnNW_image.png),image.png (data/media/attEx0D17LxAD3yaJ_image.png),image.png (data/media/att8j0I6fCJI4Ut3M_image.png),image.png (data/media/attsFcW6nRvOjxGDQ_image.png),image.png (data/media/attDKezrwkql9HgS4_image.png),doj34.gif (data/media/att3JrIWIEV5Tk3kA_doj34.gif),doj33.gif (data/media/attwxy4u7ItRBKIMq_doj33.gif),doj32.gif (data/media/attrhIGKln8OFJSCa_doj32.gif),doj31.gif (data/media/attZUoFmnwYpGLnDK_doj31.gif),doj30.gif (data/media/attTQsIQed63Z0wZk_doj30.gif),doj29.gif (data/media/att0VlfPTqFU0rm2G_doj29.gif),doj28.gif (data/media/attaMjLMMkkjnWUyo_doj28.gif),doj27.gif (data/media/attnnQ5Tx1ZlT2uZd_doj27.gif),doj26.gif (data/media/att4WRUYvUZFp2xCP_doj26.gif),doj25.gif (data/media/attczIZ0WD4G114Rw_doj25.gif),doj24.gif (data/media/attL35Hfye7NSxTuc_doj24.gif),doj23.gif (data/media/attcgTGxJxyoXOFu4_doj23.gif),doj22.gif (data/media/attAdOnK6AqbSJUBY_doj22.gif),doj21.gif (data/media/attw2s9amppKDHmFZ_doj21.gif),doj20.gif (data/media/attCQAHKllNswGCtS_doj20.gif),doj19.gif (data/media/attInEZ3IhPoQ7LeP_doj19.gif),doj18.gif (data/media/attuQ188zQdsJBCm5_doj18.gif),doj17.gif (data/media/attnUSz9Kv6LVDJ2C_doj17.gif),doj16.gif (data/media/attFxTTRh5kAoFH4L_doj16.gif),doj15.gif (data/media/attlJlxgl5704vi5K_doj15.gif),doj14.gif (data/media/attako0Olfth0N46H_doj14.gif),doj13.gif (data/media/attM1Aro8U6EeNwEi_doj13.gif),doj12.gif (data/media/atts1WhKCF75414YP_doj12.gif),doj11.gif (data/media/att98KiLYx1fVFedW_doj11.gif),doj10.gif (data/media/att0x8pg77PVlnSK4_doj10.gif),doj9.gif (data/media/attPyo7822MJTlUzC_doj9.gif),doj8.gif (data/media/attehZUo2c2czsHJs_doj8.gif),doj7.gif (data/media/attmmBM0hIEGt1dXw_doj7.gif),doj6.gif (data/media/attUttMADTtLcclVt_doj6.gif),doj5.gif (data/media/att9gZ3S5c8ObMZ7A_doj5.gif),doj4.gif (data/media/attT3Gwe6s65oANkB_doj4.gif),doj3.gif (data/media/attXE5hFojtFAftIP_doj3.gif),doj2.gif (data/media/attGn9bSnuqQkTjZG_doj2.gif),doj1.gif (data/media/attXY7fQJngD44VIu_doj1.gif),image.png (data/media/attqfSAMB9i4bKXKY_image.png),image.png (data/media/attEx0D17LxAD3yaJ_image.png),image.png (data/media/att8j0I6fCJI4Ut3M_image.png),image.png (data/media/attsFcW6nRvOjxGDQ_image.png),image.png (data/media/attDKezrwkql9HgS4_image.png),image.png (data/media/attsFcW6nRvOjxGDQ_image.png),image.png (data/media/attDKezrwkql9HgS4_image.png),image.png (data/media/attsFcW6nRvOjxGDQ_image.png),image.png (data/media/attDKezrwkql9HgS4_image.png),image.png (data/media/attxYqYb5Rdy3jnNW_image.png),image.png (data/media/attsFcW6nRvOjxGDQ_image.png),image.png (data/media/attDKezrwkql9HgS4_image.png),image.png (data/media/attKulY1TznCDy6Vq_image.png),image.png (data/media/attKulY1TznCDy6Vq_image.png)",26873,16,19,"Zodiac, David Arthur Faraday, Betty Lou Jensen, Russell T. Butterbach, Solano County Sheriff's Office, Daniel Pitta, Les Lundblad, William Warner, Barbara Lowe, Sharon Henslin (Adolfo Stutsman), William Crow, Virginia Lee (Blenderman) Jensen, Verne Marion Jensen, Nina Jean (LaTourette) Faraday, Thomas Arthur Faraday, First Presbyterian Church (Vallejo, CA)","Lake Herman Road Double Murder, Vallejo PD Confession Call, Autopsy of Betty Lou Jensen, Benicia police arrive on scene, Helen Axe sees Faraday / Jensen at turnout with other car, James Owen passes by crime scene, sees two cars, Stella Medeiros finds bodies, Stella Medeiros flags down police, David Faraday pronounced dead, Funeral of David Faraday, Funeral of Betty Lou Jensen, Det. Lundblad arrives at murder scene, Homer and Peggy Your observe Faraday/Jensen parked, Gasser and Donnelly go hunting, see white Impala, William Crow and girlfriend encounter two individuals in blue car, Faraday / Jensen leave Sharon's house, David Faraday leaves to pick up Betty Lou, Cremation of David Faraday, Betty Lou Jensen is born","{""errorType"": ""emptyDependency"", ""isStale"": false, ""state"": ""error"", ""value"": null}","{""errorType"": ""emptyDependency"", ""isStale"": false, ""state"": ""error"", ""value"": null}",rec4i3CMjLGAYOEhi,recR0NFmznLOB0Nf6,2026-02-15T17:18:01.000Z,true,murders-at-lake-herman-road,"recGTyY8JqkRkfuA0,rec311hdYt5arDP4U,recI3BVhR2QMDqJ8z,recpNEaKoOR6MfY0Z,recqTdrmyCAe5tM3S,recAHrz1MtGUe5e7l,rec2OBn51WmSB2sA7,recPkFeoF0P0uv3RV,recy5olhMwwaHFgDU,reclaHGQhThXyQ5X6,recB8zHeGvqrResSA,reck5VUTkmvwyouDo,rec9lm6P0MuT37tPM,recukSymc2t0yDhYU,rec7Q2V9oJtAzSp7K","recURm55M69p21vYN,rec9eYWhCQCUgaGyg,recaz1wgcaqz0EFiQ,recUl2m9gaZj7v8sd,recAtF9tZour1nWvg,recBofZsDApMlZeTF,recRWDNC60oqK71SP,recVhDHtgVjKdjAY6,recbUCZ2JH938DGoQ,recNWyymlpM7vhtCj",,
recguCeqiWgWqR24q,Attack at Lake Berryessa,,1947-01-01,"recsm8qP36ci4XfaW,recSQxaebRMoAn0Ys,recl0KON6zx0orvbG,rec9Rz03i6ooOMXL0,recUFwipmTQiXmhgF,recMjaBtfVzVXqeqo,recRwdEhpUsMy0qxq,recUo1Le1hDtuiGV0,recNoik0QhJTMc50o,recGJXPjk8rPGQ9cl,recwRee0DtTX3tRVn,recKrv4shKQv9wS7w,recIgEVcAF0n18DST,reccRBkzVCjHazVUW,recH8E9N7IaxgJGWH,recFHhgCwG2mlpb3H,recSKySv9eT1r07Mb,recgQFSL86JXn8K7s,rec2Gku7IlpjwiSvG,recQYj1g5KCgcZVeT,recTVZdXdkjGlTpSr,rec1RchBOI9gPqrWD,recSdzzb4M1xzYMFl,recYfYBYA7KwMuX69","recBqbxNL20YluUSF,recU7MaeAD6MEswZH,recU7MaeAD6MEswZH,recmEKgnr4Zc3tbkW,recSS2AqwnRfAj9DH,recuwj8s2c686PIHY,reczLS0i9zVkwmRCs,recEWEc7hKFiZFBDI,recuwj8s2c686PIHY,recuwj8s2c686PIHY,recuwj8s2c686PIHY,recuwj8s2c686PIHY,reczLS0i9zVkwmRCs,reczLS0i9zVkwmRCs,reczLS0i9zVkwmRCs,reczLS0i9zVkwmRCs,recy4wfzMt0F9TNhR,recuwj8s2c686PIHY,recuwj8s2c686PIHY,reczLS0i9zVkwmRCs,recQfDH2pVSxIDCUc,reczLS0i9zVkwmRCs,reczLS0i9zVkwmRCs,recy4wfzMt0F9TNhR,recPZFTzBVdRuPu86,rec9XBV0F0FHhH4CD,recWZR6ajASn8szer","recmQK2TtG43z2t8t,recQuYLdGf36hNmut,reccPjrKfLC01M282,recF2WE9VrdA5pIVr,recuOuUGfQpwjuGqq,recwejKFdO1CcOt3J,recwTrtPD3leL7NPJ,recWHabSfgEAq9vBK,recuQXkigHqYD2Gdo,recCZJipqY9EIaYHS,recQNAEnIYFq30ihO,rec4dpflLMPfQPPof,rec5msPLuYq5kmtBS,reca3488ktGw8ARvR,recgg6pxV9DLvTKz3,recZUA6MMNDn6uOqu,recGt8lxiIScGdDsZ,reccmPjGjzF5yyh8P,recJ0x1q0mKJ3HoOg,reck7vmxrcURSt5gU,rechbYm0ZVeGYPHir,recdkexjpcDhHsiyh,recYJGpBpoR9UV4yj,recHmUCvoJouAb5e8,recxe6aMh0cOSqXdy","image.png (data/media/att2UPeGusw0o0lff_image.png),doj34.gif (data/media/att3JrIWIEV5Tk3kA_doj34.gif),doj33.gif (data/media/attwxy4u7ItRBKIMq_doj33.gif),doj32.gif (data/media/attrhIGKln8OFJSCa_doj32.gif),doj31.gif (data/media/attZUoFmnwYpGLnDK_doj31.gif),doj30.gif (data/media/attTQsIQed63Z0wZk_doj30.gif),doj29.gif (data/media/att0VlfPTqFU0rm2G_doj29.gif),doj28.gif (data/media/attaMjLMMkkjnWUyo_doj28.gif),doj27.gif (data/media/attnnQ5Tx1ZlT2uZd_doj27.gif),doj26.gif (data/media/att4WRUYvUZFp2xCP_doj26.gif),doj25.gif (data/media/attczIZ0WD4G114Rw_doj25.gif),doj24.gif (data/media/attL35Hfye7NSxTuc_doj24.gif),doj23.gif (data/media/attcgTGxJxyoXOFu4_doj23.gif),doj22.gif (data/media/attAdOnK6AqbSJUBY_doj22.gif),doj21.gif (data/media/attw2s9amppKDHmFZ_doj21.gif),doj20.gif (data/media/attCQAHKllNswGCtS_doj20.gif),doj19.gif (data/media/attInEZ3IhPoQ7LeP_doj19.gif),doj18.gif (data/media/attuQ188zQdsJBCm5_doj18.gif),doj17.gif (data/media/attnUSz9Kv6LVDJ2C_doj17.gif),doj16.gif (data/media/attFxTTRh5kAoFH4L_doj16.gif),doj15.gif (data/media/attlJlxgl5704vi5K_doj15.gif),doj14.gif (data/media/attako0Olfth0N46H_doj14.gif),doj13.gif (data/media/attM1Aro8U6EeNwEi_doj13.gif),doj12.gif (data/media/atts1WhKCF75414YP_doj12.gif),doj11.gif (data/media/att98KiLYx1fVFedW_doj11.gif),doj10.gif (data/media/att0x8pg77PVlnSK4_doj10.gif),doj9.gif (data/media/attPyo7822MJTlUzC_doj9.gif),doj8.gif (data/media/attehZUo2c2czsHJs_doj8.gif),doj7.gif (data/media/attmmBM0hIEGt1dXw_doj7.gif),doj6.gif (data/media/attUttMADTtLcclVt_doj6.gif),doj5.gif (data/media/att9gZ3S5c8ObMZ7A_doj5.gif),doj4.gif (data/media/attT3Gwe6s65oANkB_doj4.gif),doj3.gif (data/media/attXE5hFojtFAftIP_doj3.gif),doj2.gif (data/media/attGn9bSnuqQkTjZG_doj2.gif),doj1.gif (data/media/attXY7fQJngD44VIu_doj1.gif),image.png (data/media/att0S5AVCckLJ8FHx_image.png),image.png (data/media/attRUjPDCoxXL5ecs_image.png),image.png (data/media/atttLrCZdfTw4rN6L_image.png),image.png (data/media/attn3aVabaPJS9nPg_image.png),Lake_Berryessa_Hartnell_Transcript_1.jpg (data/media/attVzOEZaZ7T4LInj_Lake_Berryessa_Hartnell_Transcript_1.jpg),Lake_Berryessa_Hartnell_Transcript_2.jpg (data/media/attzzwLuKYfoR4Rbf_Lake_Berryessa_Hartnell_Transcript_2.jpg),image.png (data/media/attcXWndCWD9jk5C9_image.png),image.png (data/media/attSL5221hL0lkg9x_image.png),image.png (data/media/att2UPeGusw0o0lff_image.png),image.png (data/media/attwO3tsxQ4K0Eofh_image.png),image.png (data/media/att0S5AVCckLJ8FHx_image.png),image.png (data/media/attRUjPDCoxXL5ecs_image.png),image.png (data/media/atttLrCZdfTw4rN6L_image.png),image.png (data/media/attn3aVabaPJS9nPg_image.png),image.png (data/media/att0S5AVCckLJ8FHx_image.png),image.png (data/media/attRUjPDCoxXL5ecs_image.png),image.png (data/media/atttLrCZdfTw4rN6L_image.png),image.png (data/media/attn3aVabaPJS9nPg_image.png),image.png (data/media/att0S5AVCckLJ8FHx_image.png),image.png (data/media/attRUjPDCoxXL5ecs_image.png),image.png (data/media/atttLrCZdfTw4rN6L_image.png),image.png (data/media/attn3aVabaPJS9nPg_image.png),image.png (data/media/att0S5AVCckLJ8FHx_image.png),image.png (data/media/attRUjPDCoxXL5ecs_image.png),image.png (data/media/atttLrCZdfTw4rN6L_image.png),image.png (data/media/attn3aVabaPJS9nPg_image.png),image.png (data/media/att0S5AVCckLJ8FHx_image.png),image.png (data/media/attRUjPDCoxXL5ecs_image.png),image.png (data/media/atttLrCZdfTw4rN6L_image.png),image.png (data/media/attn3aVabaPJS9nPg_image.png),image.png (data/media/att0S5AVCckLJ8FHx_image.png),image.png (data/media/attRUjPDCoxXL5ecs_image.png),image.png (data/media/atttLrCZdfTw4rN6L_image.png),image.png (data/media/attn3aVabaPJS9nPg_image.png),image.png (data/media/attJRI0m2WDFaNvbg_image.png),FBI_report_-_Fingerprints_in_Berryessa_case_1.jpg (data/media/atteL2y37uSJXZS5m_FBI_report_-_Fingerprints_in_Berryessa_case_1.jpg),FBI_report_-_Fingerprints_in_Berryessa_case_2.jpg (data/media/attKMOmmyCTS2lggh_FBI_report_-_Fingerprints_in_Berryessa_case_2.jpg),FBI_report_-_Fingerprints_in_Berryessa_case_3.jpg (data/media/attues5LNiQPM15j9_FBI_report_-_Fingerprints_in_Berryessa_case_3.jpg),image.png (data/media/attJRI0m2WDFaNvbg_image.png)",28902,24,25,"Lake Berryessa Sniper, Deer Lodge Prison, Hal Snook, Eric William Ronback Jr., Donald Lee Stanley, Allan Brambrink, William Munk, Cecelia Ann Shepard, Bryan Calvin Hartnell, John Robertson, Richard Lonergan, Judith (friend of Cecilia Shepard), R. Clifton Rayfield, David Lee Rayfield, Tom E. Butler, Dennis Land, David Collins, Ray Land, Archie E. White, Elizabeth White, Joanne (Sunbather), Linda (Sunbather), Linda L. Jensen (Sunbather), Earl Randol","Lake Berryessa Stabbings, Napa PD Confession Call, Car Door Message, Arthur Leigh Allen alibi for Lake Berryessa, Death of Cecelia Shepard, Deer Lodge Prison mentioned in syndicated news clip, Vallejo coverage of Deer Lodge escapees recaptured, Hal Snook meets Narlow at Queen of the Valley Hospital, Hal Snook visits pay phone at Napa Car Wash, Hal Snook finishes processing pay phone scene, Hal Snook processes Lake Berryessa scene, Narlow and Lonergan retrace Zodiac steps, Hal Snook notified of stabbings, dispatches Narlow and Lonergan, Hal Snook returns to Sheriff's Dept. from Lake Berryessa, Cecilia Shepard is born, Robertson interviews Bryan Hartnell at hospital, Narlow and Lonergan leave hospital, Hartnell and Shepard leave Pacific Union College for rummage sale, Narlow and Lonergan interview Rayfields, Rayfields see a suspicious man at Lake Berryessa, Narlow and Lonergan arrive at Lake Berryessa scene, Narlow contacted about three sunbathers, FBI fingerprint analysis finds no matches on Berryessa latents, Sunbathers leave Lake Berryessa, Napa Solano / Yolo County Investigator's Meeting","{""errorType"": ""emptyDependency"", ""isStale"": false, ""state"": ""error"", ""value"": null}","{""errorType"": ""emptyDependency"", ""isStale"": false, ""state"": ""error"", ""value"": null}",rec4i3CMjLGAYOEhi,recguCeqiWgWqR24q,2026-02-15T17:18:01.000Z,true,attack-at-lake-berryessa,"recU7MaeAD6MEswZH,recBqbxNL20YluUSF,reczLS0i9zVkwmRCs,rec9XBV0F0FHhH4CD","recMWzEQgcYwwtC6k,recGa0aCpwMM0jQkt,recHj1mWhEgPtsBK6,rec4uzkCoOurp4K2R",rec3Jzj0VZOQzCkWw,
recbaxU1Uyb7wBvsX,Domingos–Edwards Murders,,1963-06-04,,,"recnJyWborarG61tu,recRxAv9VVqh1W1Sb",,22904,0,2,,"Domingos–Edwards Murders, Santa Barbara Sheriff Press Release on 1963 Case","{""errorType"": ""emptyDependency"", ""isStale"": false, ""state"": ""error"", ""value"": null}","{""errorType"": ""emptyDependency"", ""isStale"": false, ""state"": ""error"", ""value"": null}",rec4i3CMjLGAYOEhi,recbaxU1Uyb7wBvsX,2026-02-15T17:18:01.000Z,true,domingos-edwards-murders,,,,
recqHvlmSyXK7UYJo,Zodiac Letters,,1966-11-29,"recMkUBZgCDrp33JJ,rec5opHF6J5pu58Uu,recBksQ4rNpargfGq,recWUh14ApimVUpmt","reciW708qO3qG0Q8m,recjTEYvHV3sKiOm3,recJmxAbIBJnbQAKR,rec9lm6P0MuT37tPM,recxJoUWelzbOBAhf,recMETFnfKLS23nOM,recdJRp3yqMgWK2vl,rec2Q0nX7WsuZkhqH,recJmxAbIBJnbQAKR,rec9lm6P0MuT37tPM,recxJoUWelzbOBAhf,recMETFnfKLS23nOM,recru5viHCkNsC21R,rec9jKpROct4rZkrc,rec9jKpROct4rZkrc,recpL4suaFe0P6HUN,recXk6x0xqypprIiy,recbIWEBEmulIsELt,recXk6x0xqypprIiy,recpL4suaFe0P6HUN,recbIWEBEmulIsELt,rec0jsA0wL0RATWxh,rec0jsA0wL0RATWxh,recz1dFg4PlxNTlyi,rechALo3pAdQC2YMf,recrFMbMeDEPOHv0Q,reczdKwEBR0UuEJFZ,recoGGiZHd07WTfpM,recm7QFkHgyOR2YKi,receEufLiSjLslGnx,recWR5ccngn8TGY11,recXrsruLsbBd4lh1,recD3c7WRITBmenGf,recGECgfuymSAb3ej,recS1Ozkwsu1JE0Eu,recVbnx9PWBwD16AH,recVbnx9PWBwD16AH,recNEL7XKWT3Drf93,rec95jZyzt6CoqhOY,recihWtdD3EWJSmS6,reczpZ9feybXcu3vt,recrIsEz3DyvzGwXA,recf57VlN6FoqRqc5","recPYJADv8EJWdYzd,recfw0x9CSoAiFK41,recEScQ8VjX0U0XWA,recN6S562eBCWkheW,recnmd867Ux51ETpf,reczXzxypLYxWVurC,recATdf0n9etcTyEl,recUbqdTlUUzuMoZC,recy8o4AXk9zvM8sK,recGynjEPcYPDzu8f,rec1MFx5IegvNCUk7,rec7E9uhPbExvOStV,recm8mT3p8RVcWO12,recejkzV1a7rkom6H,recmu7dXCG3eyaBtf,recizrRQXnSUiCjTN,rec1pRvTsUrpzImQh,recqhrDZc0vFnQ3hA,recr1weKUcPTDZIuX,reccwnrY4xyeYm6Tq,recuG31SWMp2Pm4zt,recISLlMUV2t4GZ0s,recytWrpVgR2gwLQU,recMWZ6w3JJmVXsmd,rectm9Z1y7eQJEcgZ,recU8zaEz4bvXWcIF,recFT7BcIqRXittfV,recgRiAW8CmrP7W6J,recY8uibcMAlgpNjH,rec3Dgbv7gzxm994m,reckxMexr8sa80qXX,recbqZHt9IKbuEiz9,recoCZBzqVEAptCbE,reczWfmvvVX3Hr9oM,recpRXga559CrkZK3,recYh6IyIS3J1JDgA","image.png (data/media/atthrJGrInKipJE3p_image.png),image.png (data/media/att1rFZIwdYw19Hbo_image.png),image.png (data/media/attKPwnQEKHj561Xv_image.png),image.png (data/media/attOKS2Fsp9MUNVLX_image.png),image.png (data/media/attTiwGrISdxh1CDA_image.png),image.png (data/media/attKZQAFihytPmxVL_image.png),image.png (data/media/attF2B3x7CkaHAvER_image.png),image.png (data/media/attdJbfwaaC6twFZX_image.png),image.png (data/media/attW0OimSUDmQDeIR_image.png),SF_Examiner_Env.PNG (data/media/att7NWd9VFsHNuZjb_SF_Examiner_Env.PNG),SF_Examiner_Letter_Cipher__Envelope.PNG (data/media/attxsoKF23UKKuo4d_SF_Examiner_Letter_Cipher__Envelope.PNG),image.png (data/media/att2NgOxdMBlUezyy_image.png),image.png (data/media/attukFwLofawvovxQ_image.png),image.png (data/media/att12Zwg7OHdeKV6E_image.png),image.png (data/media/atta5gRrTQYfjUVUz_image.png),image.png (data/media/att2NOSm872Eu1tyS_image.png),image.png (data/media/attwtbpM09LFCH58p_image.png),image.png (data/media/attzV9e0MBiFNaO8l_image.png),image.png (data/media/atthrJGrInKipJE3p_image.png),image.png (data/media/att1rFZIwdYw19Hbo_image.png),image.png (data/media/attKPwnQEKHj561Xv_image.png),image.png (data/media/attOKS2Fsp9MUNVLX_image.png),image.png (data/media/attTiwGrISdxh1CDA_image.png),image.png (data/media/attKZQAFihytPmxVL_image.png),image.png (data/media/attF2B3x7CkaHAvER_image.png),image.png (data/media/attdJbfwaaC6twFZX_image.png),image.png (data/media/attW0OimSUDmQDeIR_image.png),SF_Examiner_Env.PNG (data/media/att7NWd9VFsHNuZjb_SF_Examiner_Env.PNG),SF_Examiner_Letter_Cipher__Envelope.PNG (data/media/attxsoKF23UKKuo4d_SF_Examiner_Letter_Cipher__Envelope.PNG),image.png (data/media/att2NgOxdMBlUezyy_image.png),image.png (data/media/attzkTEdILl2EG1Bi_image.png),image.png (data/media/attOHmjvEr19gmams_image.png),image.png (data/media/attJKnlT26UwDVnEx_image.png),image.png (data/media/attU7mQggJmWNQkxf_image.png),DrippingPenCardOutside.tif (data/media/attkCqyiDG7FmBRiU_DrippingPenCardOutside.tif),DrippingPenInside.PNG (data/media/attUhXEYpME8uyAoC_DrippingPenInside.PNG),image.png (data/media/attAItw2e6C8i2r8r_image.png),Dripping_Pen_envelope.tif (data/media/atte03RJA53mbRXOj_Dripping_Pen_envelope.tif),DrippingPenCardOutside.PNG (data/media/attLIqjsbXBG5oIea_DrippingPenCardOutside.PNG),image.png (data/media/attcZvN42zI2W46ln_image.png),image.png (data/media/attg9iyfN3kTX35x7_image.png),DrippingPenInside.tif (data/media/attTDUwRh7FOnahSW_DrippingPenInside.tif),image.png (data/media/attR8KiwYtTpE8oLL_image.png),Copy_of_1969-10-13_Envelope3...tif (data/media/attOmtCAwy3q2TTH3_Copy_of_1969-10-13_Envelope3...tif),10.13.69.Inside.tif (data/media/attNZ3DPHnwqxOUFX_10.13.69.Inside.tif),StineEnvelope.tif (data/media/attksD4CTXfYLBfOH_StineEnvelope.tif),Stine_Envelope.PNG (data/media/att81lyfQr4TTbS9w_Stine_Envelope.PNG),10.13.69Inside.PNG (data/media/attP5Kw72aYxDls9h_10.13.69Inside.PNG),1969-11-8_9_0a-envelope.tif (data/media/attOcDS7V00BSFJ0e_1969-11-8_9_0a-envelope.tif),image.png (data/media/att2u52YdTJqdz4bQ_image.png),1969-11-8_9_01.tif (data/media/attAgzMoCzDyEMjqu_1969-11-8_9_01.tif),bbl2hr.jpg (data/media/att618pP7OsPiCiPq_bbl2hr.jpg),1969-11-8_9_02.tif (data/media/attrNAOIvjfNpgLVI_1969-11-8_9_02.tif),bbl3hr.jpg (data/media/att2aL5UgCOim4Yes_bbl3hr.jpg),bbl4hr.jpg (data/media/att9zqWQsGVpIhYaV_bbl4hr.jpg),1969-11-8_9_04.tif (data/media/atth6bIBKaWv6bdAC_1969-11-8_9_04.tif),bbl5hr.jpg (data/media/attRRUyYTiqNE1dUb_bbl5hr.jpg),1969-11-8_9-diagramALT.tif (data/media/attcSYcjNFMeZ6vsv_1969-11-8_9-diagramALT.tif),Bus_Bomb_Diagram.tif (data/media/attRMsRXq38qL9Ubx_Bus_Bomb_Diagram.tif),1969-11-8_9-06.PNG (data/media/attLnEGOE6cknWmQD_1969-11-8_9-06.PNG),1969-11-8_9_07.PNG (data/media/att5AqmN3qqj3uz4Q_1969-11-8_9_07.PNG),12-20-69Melvin_Belli_Envelope.tif (data/media/attLIdUWbBcKvMshC_12-20-69Melvin_Belli_Envelope.tif),12-20-69_Mery_Xmass_and_New_Year.tif (data/media/attfducN5JRRwDEMF_12-20-69_Mery_Xmass_and_New_Year.tif),Melvin_Letter.PNG (data/media/attQoBd6kGwfWwn66_Melvin_Letter.PNG),1969-12-20-03...tif (data/media/atte8KkhmfGhY7DTk_1969-12-20-03...tif),My_Name_Is.._letter_Z13_.PNG (data/media/attvmVK0P2CpGmkbz_My_Name_Is.._letter_Z13_.PNG),Bomb_Diagram__My_Name_Is.._.PNG (data/media/attSoQpIq6oiGStGP_Bomb_Diagram__My_Name_Is.._.PNG),Batch_IV_24__My_name_is...__envelope_with_stamp_section_cut_out..tif (data/media/attCGoebmojBGuoud_Batch_IV_24__My_name_is...__envelope_with_stamp_section_cut_out..tif),Batch_IV_25__Another_Exposure.tif (data/media/attJNWuzCLaXQVSi3_Batch_IV_25__Another_Exposure.tif),Batch_IV_14__Unfolded_card_with_Envelope.tif (data/media/attVxUpbuPn0A3vYH_Batch_IV_14__Unfolded_card_with_Envelope.tif),My_Name_Is.._Envelope.tif (data/media/attQowFE5xxWH5G1r_My_Name_Is.._Envelope.tif),My_Name_Is.._letter_Z13_.tif (data/media/attbJnziLZb7cDOyR_My_Name_Is.._letter_Z13_.tif),My_name_is...__envelope_with_stamp_section_cut_out.tif (data/media/attN6OyXStHIMP4xn_My_name_is...__envelope_with_stamp_section_cut_out.tif),Dragon_Outside.PNG (data/media/attIX1Ec3oPWHv29Z_Dragon_Outside.PNG),image.png (data/media/attarzd98111NGoez_image.png),image.png (data/media/attlxygNzUAwxP5ou_image.png),Dragon_Envelope.PNG (data/media/attWZ8iLkfhDDN1IC_Dragon_Envelope.PNG),Dragon_Inside.PNG (data/media/att4UvZFTgRSlZmoc_Dragon_Inside.PNG),image.png (data/media/attmqEWHmYGeDrDT5_image.png),image.png (data/media/attMmNAz0E0gy9ZFZ_image.png),Dragon_Inside2.PNG (data/media/attYmuozzcNixEZb3_Dragon_Inside2.PNG),UnhappyButtons.PNG (data/media/att4kfBgUGvJT1yIR_UnhappyButtons.PNG),UnhappyButtons.tif (data/media/attw9DMraYUlRKQnU_UnhappyButtons.tif),image.png (data/media/attGjjWVylb4RruiI_image.png),image.png (data/media/attXCpbRrbRQBX0sB_image.png),image.png (data/media/attKRwm28q2enSTz8_image.png),image.png (data/media/attm0PQ2OWp6EU2Wo_image.png),image.png (data/media/attmhWfUDlb4KFQ5n_image.png),5-_07.24_07.26_Two_Envelopes.tif (data/media/attTA5Fq31TncWDMq_5-_07.24_07.26_Two_Envelopes.tif),4-_07.24.1970_Cutouts_Envelope15MB.tif (data/media/attx9pbDkUJqyT7fs_4-_07.24.1970_Cutouts_Envelope15MB.tif),1-_07.24.70_Color_Envelope_16MB.tif (data/media/atts3dbnTDJ5LfzL7_1-_07.24.70_Color_Envelope_16MB.tif),2-_07.24.70_Color_Envelope_15MB.tif (data/media/attJZrS7gIgbzXJJR_2-_07.24.70_Color_Envelope_15MB.tif),Batch_IV_1__Two_Envelopes.tif (data/media/attQQZvPipaSciusK_Batch_IV_1__Two_Envelopes.tif),Batch_IV_7__45MB_Envelope.tif (data/media/attE9mwJF891et9XP_Batch_IV_7__45MB_Envelope.tif),3-_07.24.70_double_expo...tif (data/media/attHbL34mQ9iJ6N0O_3-_07.24.70_double_expo...tif),Batch_IV_11__Double_Exposure__Johns_letter___Envelope.tif (data/media/attqBYyoUv4pMd52u_Batch_IV_11__Double_Exposure__Johns_letter___Envelope.tif),Patterson_Police_Dept_1.jpg (data/media/atto4ooSjaej5tyh1_Patterson_Police_Dept_1.jpg),Patterson_Police_Dept_2.jpg (data/media/attlXe9QGUe6QIio2_Patterson_Police_Dept_2.jpg),Batch_IV_3__Little_List_Pg_1___2.tif (data/media/attBtNP9aSRTIRQSp_Batch_IV_3__Little_List_Pg_1___2.tif),Batch_IV_9__Little_List_pg_3.tif (data/media/attIvPDimPVNFS2LT_Batch_IV_9__Little_List_pg_3.tif),Batch_IV_10__Little_List_page_4.tif (data/media/attNup3PlMGJCQJgL_Batch_IV_10__Little_List_page_4.tif),image.png (data/media/attW5T6I9l5DWRJkI_image.png),image.png (data/media/attDNbEgzkuQXhnzv_image.png),image.png (data/media/att2Jgzj5GB99Clxa_image.png),image.png (data/media/attEBnoHkLZcx4H4l_image.png),image.png (data/media/attFNaPqbz8kLVDvp_image.png),image.png (data/media/attRGSwK8Y9PHPfAX_image.png),Batch_IV_2__Little_List___Kathleen_Johns_Letters.tif (data/media/attCmEpNJGeYK2VV6_Batch_IV_2__Little_List___Kathleen_Johns_Letters.tif),Batch_IV_4__Little_List_Pg_3-4.tif (data/media/att0Yumhr10qQePFc_Batch_IV_4__Little_List_Pg_3-4.tif),Batch_IV_5__Little_List_Pg2.tif (data/media/att1UoTxOT2Xqc7W9_Batch_IV_5__Little_List_Pg2.tif),Batch_IV_6__Little_List_Page_1.tif (data/media/attv49fHPRYU5aNMH_Batch_IV_6__Little_List_Page_1.tif),Batch_IV_8__Little_List_pg_5.tif (data/media/attbRkhzPdUdhUTSw_Batch_IV_8__Little_List_pg_5.tif),13Holesinside.png (data/media/att1019U6bPewQGEW_13Holesinside.png),13Holes_Stamp_Side.tif (data/media/attNZTmOqGBr1IuCa_13Holes_Stamp_Side.tif),13Holesinside.tif (data/media/att1zMxiM10Y3x7fx_13Holesinside.tif),Halloween_Card_Outsidd.PNG (data/media/att3FIv8BbBhPF6Lv_Halloween_Card_Outsidd.PNG),Halloween_Card_Outside.tif (data/media/attFiIxaLsFyk7RmM_Halloween_Card_Outside.tif),10.27.70_InsideCard.tif (data/media/attPYmOzceQnF71oS_10.27.70_InsideCard.tif),10.27.70_Composite.PNG (data/media/attkatSrZJBjxj75x_10.27.70_Composite.PNG),10.27.70_Envelope-_PNG.jpg (data/media/attxSfx9dldsk4PPO_10.27.70_Envelope-_PNG.jpg),Sorry_No_Cipher._Rotated.PNG (data/media/attOB5jUsj5DO5qYy_Sorry_No_Cipher._Rotated.PNG),image.png (data/media/attIp8X7b23nuJ6uA_image.png),Sorry_No_Cipher_UnfoldedCard.PNG (data/media/attbuPGeIiWDV9Wdg_Sorry_No_Cipher_UnfoldedCard.PNG),image.png (data/media/attq6qgbDgEayVLMu_image.png),image.png (data/media/attIzDSyJpNKYpyhU_image.png),image.png (data/media/att3gqPQ5exsyuvB7_image.png),image.png (data/media/attayZ2SI36fW6ea7_image.png),image.png (data/media/attOpOJ7pMnohqpGG_image.png),Batch_IV_18_SierraClubSmallStamp.tif (data/media/attGkGOgY9FIU5x5n_Batch_IV_18_SierraClubSmallStamp.tif),Batch_IV_17__Small__Peek_through_the_pines__side.tif (data/media/attrQxgtJTfatmb7m_Batch_IV_17__Small__Peek_through_the_pines__side.tif),image.png (data/media/attcMxHxQDwWqsYcH_image.png),image.png (data/media/att3VsPbpxFfBuKCx_image.png),EXORCIST_ENVELOPE.tif (data/media/attgDxeYpblnQSteX_EXORCIST_ENVELOPE.tif),696314-1978-5-15-035...tif (data/media/attzrm0GSYEwRxfd3_696314-1978-5-15-035...tif),image.png (data/media/attfQBk3MBVccanxi_image.png),image.png (data/media/att1l2jE9xs4uCTGL_image.png),image.png (data/media/attFpD3HFuKAoWh1O_image.png),image.png (data/media/attpT7pRJmtfxDBBZ_image.png),BadlandsInside2.tif (data/media/attjO76mcr9MOe71X_BadlandsInside2.tif),CitizensEnvelope2.tif (data/media/attGpHlDParsQwIs8_CitizensEnvelope2.tif),Citizen_Envelope.tif (data/media/attxWcKBNmJFejSZO_Citizen_Envelope.tif),BadlandsInside.PNG (data/media/attHHMZu2gYzUlHat_BadlandsInside.PNG),BadlandsInside2.PNG (data/media/att5Y5eZWYgjEwa8y_BadlandsInside2.PNG),image.png (data/media/attAd0ys0l6XQvKDX_image.png),image.png (data/media/attNTHP6jnnuowaqC_image.png),CitizensEnvelope2.PNG (data/media/attObUOoiVwJdUhi8_CitizensEnvelope2.PNG),BadlandsInside.tif (data/media/attMvHdIjJExOPPA2_BadlandsInside.tif),image.png (data/media/attbY1wyqDEMlJBr3_image.png),image.png (data/media/attSVxAL1pKBZRXbe_image.png),image.png (data/media/attBSBCVzvk4v5ryK_image.png),image.png (data/media/attRs5i3h6vOKwJbu_image.png),image.png (data/media/attQKvSDZjivBobvl_image.png),image.png (data/media/attSmPoUd5PxxroSG_image.png),image.png (data/media/attOJLcRRbB4Rwqte_image.png),image.png (data/media/att2Y56UW8o2M2kWk_image.png),image.png (data/media/attsaZxxnBd1qvlU5_image.png),image.png (data/media/attYArvIdR1NGIOJG_image.png),image.png (data/media/attVGM7MChVSsposC_image.png),image.png (data/media/attcFq5ot6aPDNWH9_image.png),image.png (data/media/attFFAd0sl8erauwD_image.png),image.png (data/media/attaUDjqs8wfO2IGz_image.png),image.png (data/media/attBe8HHBwoLJ1Cfm_image.png),image.png (data/media/attw0blE8H5vyXrig_image.png),image.png (data/media/att1dyptv29vVfDDY_image.png),image.png (data/media/attO7RDFZdSh55K0m_image.png),image.png (data/media/attyH6xGZn9LngPUU_image.png),image.png (data/media/attYarxTFnT4PHf13_image.png),image.png (data/media/attI4y4Elev5Q4Ism_image.png),image.png (data/media/attoa3dDcEdIx2UFS_image.png),image.png (data/media/attyTKira50cfFcA7_image.png),EXORCIST_ENVELOPE.tif (data/media/attgDxeYpblnQSteX_EXORCIST_ENVELOPE.tif),696314-1978-5-15-035...tif (data/media/attzrm0GSYEwRxfd3_696314-1978-5-15-035...tif),image.png (data/media/attfQBk3MBVccanxi_image.png),image.png (data/media/att1l2jE9xs4uCTGL_image.png),12-20-69Melvin_Belli_Envelope.tif (data/media/attLIdUWbBcKvMshC_12-20-69Melvin_Belli_Envelope.tif),12-20-69_Mery_Xmass_and_New_Year.tif (data/media/attfducN5JRRwDEMF_12-20-69_Mery_Xmass_and_New_Year.tif),Melvin_Letter.PNG (data/media/attQoBd6kGwfWwn66_Melvin_Letter.PNG),1969-12-20-03...tif (data/media/atte8KkhmfGhY7DTk_1969-12-20-03...tif),image.png (data/media/attR8KiwYtTpE8oLL_image.png),Copy_of_1969-10-13_Envelope3...tif (data/media/attOmtCAwy3q2TTH3_Copy_of_1969-10-13_Envelope3...tif),10.13.69.Inside.tif (data/media/attNZ3DPHnwqxOUFX_10.13.69.Inside.tif),StineEnvelope.tif (data/media/attksD4CTXfYLBfOH_StineEnvelope.tif),Stine_Envelope.PNG (data/media/att81lyfQr4TTbS9w_Stine_Envelope.PNG),10.13.69Inside.PNG (data/media/attP5Kw72aYxDls9h_10.13.69Inside.PNG),DrippingPenCardOutside.tif (data/media/attkCqyiDG7FmBRiU_DrippingPenCardOutside.tif),DrippingPenInside.PNG (data/media/attUhXEYpME8uyAoC_DrippingPenInside.PNG),image.png (data/media/attAItw2e6C8i2r8r_image.png),Dripping_Pen_envelope.tif (data/media/atte03RJA53mbRXOj_Dripping_Pen_envelope.tif),DrippingPenCardOutside.PNG (data/media/attLIqjsbXBG5oIea_DrippingPenCardOutside.PNG),image.png (data/media/attcZvN42zI2W46ln_image.png),image.png (data/media/attg9iyfN3kTX35x7_image.png),DrippingPenInside.tif (data/media/attTDUwRh7FOnahSW_DrippingPenInside.tif),image.png (data/media/attU7mQggJmWNQkxf_image.png),1969-11-8_9_0a-envelope.tif (data/media/attOcDS7V00BSFJ0e_1969-11-8_9_0a-envelope.tif),image.png (data/media/att2u52YdTJqdz4bQ_image.png),1969-11-8_9_01.tif (data/media/attAgzMoCzDyEMjqu_1969-11-8_9_01.tif),bbl2hr.jpg (data/media/att618pP7OsPiCiPq_bbl2hr.jpg),1969-11-8_9_02.tif (data/media/attrNAOIvjfNpgLVI_1969-11-8_9_02.tif),bbl3hr.jpg (data/media/att2aL5UgCOim4Yes_bbl3hr.jpg),bbl4hr.jpg (data/media/att9zqWQsGVpIhYaV_bbl4hr.jpg),1969-11-8_9_04.tif (data/media/atth6bIBKaWv6bdAC_1969-11-8_9_04.tif),bbl5hr.jpg (data/media/attRRUyYTiqNE1dUb_bbl5hr.jpg),1969-11-8_9-diagramALT.tif (data/media/attcSYcjNFMeZ6vsv_1969-11-8_9-diagramALT.tif),Bus_Bomb_Diagram.tif (data/media/attRMsRXq38qL9Ubx_Bus_Bomb_Diagram.tif),1969-11-8_9-06.PNG (data/media/attLnEGOE6cknWmQD_1969-11-8_9-06.PNG),1969-11-8_9_07.PNG (data/media/att5AqmN3qqj3uz4Q_1969-11-8_9_07.PNG)",21630,4,36,"Albany Times-Union, Sherwood Mason Morrill, David Toschi, Herb Caen","The Cipher Letters and the Z408, The Z408 Cipher Solved, ""This is the Zodiac speaking...""  Letter, The Dripping Pen Card & Z340 Cipher mailed, FBI Confirms Z340 Solved, Z340 Cipher Solved (announced), The Stine Letter w/ Shirt Piece, The Bus Bomb Letter, The Belli Letter, The ""My name is” / Z13 Letter, The Dragon Card, The Button Letter, Z32, & Mt. Diablo Map, The Johns Letter, The Little List Letter, 13-Hole Punch Postcard is mailed, The Halloween Card, The Los Angeles Times Letter, The Sierra Club Postcard, The Exorcist Letter, The SLA Letter, The Badlands Letter is mailed, The Red Phantom Letter is mailed, The Confession Letters sent to Riverside Police, “Bates Had to Die” Letters, 1978 “I am back with you” Letter, 1978 Channel Nine Letter, The Albany Letter, The Eureka Christmas Card, Sherwood Morrill: ALA's handwriting doesn't match Zodiac, The Celebrity Cypher Postcard, The Concerned Citizen Card, The Exorcist Letter is published in the SF Chronicle, The Belli Letter is published, Stine Letter is published, Zodiac linked, Dripping Pen / Z340 / Bus Bomb Letter published, linked to San Jose murders, ""A Challenge for the Zodiac"" letter sent to Paul Avery","{""errorType"": ""emptyDependency"", ""isStale"": false, ""state"": ""error"", ""value"": null}","{""errorType"": ""emptyDependency"", ""isStale"": false, ""state"": ""error"", ""value"": null}","recj1bIkCfoFuTykE,recZHBNn1SOnJ26Dn",recqHvlmSyXK7UYJo,2026-02-15T17:18:01.000Z,true,zodiac-letters,"recJmxAbIBJnbQAKR,rec9lm6P0MuT37tPM,recxJoUWelzbOBAhf,recMETFnfKLS23nOM,recdJRp3yqMgWK2vl,recXk6x0xqypprIiy,recpL4suaFe0P6HUN,recbIWEBEmulIsELt,rec0jsA0wL0RATWxh,recz1dFg4PlxNTlyi,rechALo3pAdQC2YMf,recrFMbMeDEPOHv0Q,reczdKwEBR0UuEJFZ,recm7QFkHgyOR2YKi,receEufLiSjLslGnx,rec9jKpROct4rZkrc,recWR5ccngn8TGY11,recXrsruLsbBd4lh1,recD3c7WRITBmenGf,recS1Ozkwsu1JE0Eu,rec95jZyzt6CoqhOY,recihWtdD3EWJSmS6,reczpZ9feybXcu3vt,recWjSUzGi2XR0Z9Z,recVbnx9PWBwD16AH,recNEL7XKWT3Drf93,recGECgfuymSAb3ej","recXWIp8s3P3TAYiu,recrAkbKlDhOn2F5L,recioUzi4gjitPDzS,recURm55M69p21vYN,rec3SXc62X9TM4dMm,recaz1wgcaqz0EFiQ",,
recObA4GdmylyI9eg,The Donna Lass Murder,,1970-09-06,recpeSHGaAhZPttuI,"recO6vZ7yYT8HDUc1,recKRM7pUxxJcgxwK,rec690qQsDkekpE3v,recO6vZ7yYT8HDUc1","recxbSe8LCILJR4x4,rec5GoyI3M52m5F5q,recaIh7bnv1F5Uj2C","image.png (data/media/att8mNOLA30NouOgp_image.png),image.png (data/media/att8mNOLA30NouOgp_image.png)",20253,1,3,Donna Lass,"Donna Lass remains identified, Donna Lass disappears, Donna Lass remains recovered","{""errorType"": ""emptyDependency"", ""isStale"": false, ""state"": ""error"", ""value"": null}","{""errorType"": ""emptyDependency"", ""isStale"": false, ""state"": ""error"", ""value"": null}",rec4i3CMjLGAYOEhi,recObA4GdmylyI9eg,2026-02-15T17:18:01.000Z,true,the-donna-lass-murder,"recO6vZ7yYT8HDUc1,recD3c7WRITBmenGf,rec690qQsDkekpE3v","recrTmyYbUlLHbRDA,recVoEE1MId2q6Cr1",,
reci68Kc8tcfOciIO,Arthur Leigh Allen,,1933-12-17,"rech3D7sonIMHkOft,receQedHFngoWJQ3i,recBksQ4rNpargfGq","recHCobnJv7S3C8N7,recGECgfuymSAb3ej,rec4dwJQWpzvCzxP1","recdWp4tgkGyHVyCM,recF2WE9VrdA5pIVr,recPBwwP4sg733WeY,recBAA9YBl43m7PYX,recY8uibcMAlgpNjH,rec8hogdM9wm1STXN,rec3bjjdMbsKQKHnJ,recuBhlkcmZlBIIT6,recBB7oBXwy81jaFi,rec8ElxIeUrhapdLr,recwcxNeKvutZunIR,recMRQypyLEGzH4Ey,reckOL0KWcPyozPVm,recYlu2R0QJiIEWaw,rec2bN9YdG1bQJAHc,recw1qw0wMtvVgx1L,recWyhid7Wudc5ezN,recu2TsO0FhJuuMLp","image.png (data/media/attBe8HHBwoLJ1Cfm_image.png),image.png (data/media/attw0blE8H5vyXrig_image.png),image.png (data/media/attQp0Kb6LiMtOyHl_image.png),image.png (data/media/attfqz52LXllc3Jfg_image.png),image.png (data/media/attGYxYw8VJUa89rZ_image.png),image.png (data/media/attSgiuVWJm5Kvyzu_image.png),image.png (data/media/attRVbdRoM0LpJM5F_image.png),image.png (data/media/attZE5iCHGutldhuf_image.png)",33665,3,18,"Arthur Leigh Allen, Donald (Don) Cheney, David Toschi","Arthur Leigh Allen fired from Arco Service Station, Arthur Leigh Allen alibi for Lake Berryessa, 7/27/71 Mulanax Report on Arthur Leigh Allen, Death of Arthur Leigh Allen's father, Sherwood Morrill: ALA's handwriting doesn't match Zodiac, Sonoma Sheriffs search ALA's trailer, Ronald Allen marries Karen Long, Arthur Leigh Allen is born, Ronald Allen hired by Santa Rosa, CA as landscape architect, Arthur Leigh Allen ushers for a friend's wedding, Ralph Spinelli claims he knows who Zodiac was, Arthur Leigh Allen dies, Ralph Spinelli's topless bar closed, Spinelli's felony case to be heard, Arrest warrant issued for Ralph Spinelli, Felony charges against Spinelli are dropped, Ralph Spinelli arrested, Spinelli surrenders in Portland","{""errorType"": ""emptyDependency"", ""isStale"": false, ""state"": ""error"", ""value"": null}","{""errorType"": ""emptyDependency"", ""isStale"": false, ""state"": ""error"", ""value"": null}",recORhsxyOx3qqSta,reci68Kc8tcfOciIO,2026-02-15T17:18:01.000Z,true,arthur-leigh-allen,"recT4QKnPMdXRvdUj,rec6bkK6UFkoMfgd9,recHCobnJv7S3C8N7,recf1TtoMCYZ9W2ki,recGECgfuymSAb3ej,rec4dwJQWpzvCzxP1,recmaUHpQUNeYpwhc","rec0s88W6nNyYJxjf,recKsFUcUEB0uMfpB,reckMzHckHhWvv5W8,recURm55M69p21vYN",,
recG4JJSN4B5K5Dm6,Lawrence Kane,,,recbjg1pvBfaQVRDH,,,,"{""specialValue"": ""NaN""}",1,0,Lawrence Kane,,"{""errorType"": ""emptyDependency"", ""isStale"": false, ""state"": ""error"", ""value"": null}","{""errorType"": ""emptyDependency"", ""isStale"": false, ""state"": ""error"", ""value"": null}",recORhsxyOx3qqSta,recG4JJSN4B5K5Dm6,2026-02-15T17:18:01.000Z,true,lawrence-kane,"reckaE7C8WBdyeKNB,recqPoofYP637caJ3",,,
rec0P1VzIqaAG7AIy,Paul Doerr,,1963-11-13,"recODpN1g6c3LOqmF,rec19LsZJxWIMJS5y",recpJqhkmiRJHRqxi,"recvjCB7Z9SwnY4Yi,recoynAhqQbAC1WkN,rectZgFVnQoHGuR8I,recfTPe7Pig1jcQpn,recyTuxXjS2hEUfkV,recu9xta5DWnDSaRC,recv9yzl0x3A74ki9",,22742,2,7,"Paul Alfred Doerr, Jr., Jarett Kobek","Paul Doerr promoted as Suspect (LA Mag), Paul Doerr requests information about starting Shooting Club of America branch, Paul Doerr listed on deed records in Solano County, Paul and Rose Doerr purchase different property in Solano County, Ad notes that Paul Doerr purchased 225 E. Utah St., Paul Doerr's final deed record in Solano County, Teen threatens Paul Doerr for liquor","{""errorType"": ""emptyDependency"", ""isStale"": false, ""state"": ""error"", ""value"": null}","{""errorType"": ""emptyDependency"", ""isStale"": false, ""state"": ""error"", ""value"": null}",recORhsxyOx3qqSta,rec0P1VzIqaAG7AIy,2026-02-15T17:18:01.000Z,true,paul-doerr,recJlbuC1oGY2rp9z,,,
recmahrrdmpZNEgOw,Richard Gaikowski ,,1956-05-01,"recWCYPeTb61e4m3q,recJWhnnvzrygRLCm",rectjpOCG5Ea7wKo7,"recb3dNmeBkATdDNG,recAC1jSIBOCYS5CN,recUT71dubfLU9N5n,rec9J4EAgDnidsIHH,recTh3BNNFqXrKK0E,recvEG0DSQNnmPtMR,recpveXFUNpcxeKn1,rec0GzmiHhIivRjo8,recIgOZu1GuBH17o6,recSop3ai1cwpCIVm,recfvnW6TvyP1O4yk,recBlfeExRG9XkOjU,recvVqdTgYYBYx4AL","image.png (data/media/attC290r6Q7Xc36gq_image.png),image.png (data/media/attTtwtNK3r1R2tTw_image.png),image.png (data/media/att66Mio03MG79ISR_image.png)",25494,2,13,"Richard Joseph Gaikowski, Martinez News-Gazette","Gaikowski writes letter from US Army based in Virginia, Gaikowski is regional director of Young Democrats, Gaikowski becomes public relations director for South Dakota Farmers Union, Gaikowski leaves South Dakota for graduate school in California, Gaikowski is managing editor of Martinez News-Gazette, Gaikowski gets in car accident, Gaikowski gets himself arrested, writes series about jail, Gaikowski leaves Martinez News-Gazette, Gaikowski referenced in article, Gaikowski files for Daybreak business name, Gaikowski planned date of departure for Europe, Gaikowski quoted in article about midnight movies re: the Roxie, Gaikowski's ""Festival of Bards"" short film about beat poets","{""errorType"": ""emptyDependency"", ""isStale"": false, ""state"": ""error"", ""value"": null}","{""errorType"": ""emptyDependency"", ""isStale"": false, ""state"": ""error"", ""value"": null}",recORhsxyOx3qqSta,recmahrrdmpZNEgOw,2026-02-15T17:18:01.000Z,true,richard-gaikowski,"recpWyY51AljLcNoa,rectjpOCG5Ea7wKo7",rechnHjtuRckiFotk,,
reckfxAcpNcKS2TRn,The Mikado,,1970-07-26,recGZwp9mtC6qB9Hd,recm7QFkHgyOR2YKi,recejkzV1a7rkom6H,"Batch_IV_3__Little_List_Pg_1___2.tif (data/media/attBtNP9aSRTIRQSp_Batch_IV_3__Little_List_Pg_1___2.tif),Batch_IV_9__Little_List_pg_3.tif (data/media/attIvPDimPVNFS2LT_Batch_IV_9__Little_List_pg_3.tif),Batch_IV_10__Little_List_page_4.tif (data/media/attNup3PlMGJCQJgL_Batch_IV_10__Little_List_page_4.tif),image.png (data/media/attW5T6I9l5DWRJkI_image.png),image.png (data/media/attDNbEgzkuQXhnzv_image.png),image.png (data/media/att2Jgzj5GB99Clxa_image.png),image.png (data/media/attEBnoHkLZcx4H4l_image.png),image.png (data/media/attFNaPqbz8kLVDvp_image.png),image.png (data/media/attRGSwK8Y9PHPfAX_image.png),Batch_IV_2__Little_List___Kathleen_Johns_Letters.tif (data/media/attCmEpNJGeYK2VV6_Batch_IV_2__Little_List___Kathleen_Johns_Letters.tif),Batch_IV_4__Little_List_Pg_3-4.tif (data/media/att0Yumhr10qQePFc_Batch_IV_4__Little_List_Pg_3-4.tif),Batch_IV_5__Little_List_Pg2.tif (data/media/att1UoTxOT2Xqc7W9_Batch_IV_5__Little_List_Pg2.tif),Batch_IV_6__Little_List_Page_1.tif (data/media/attv49fHPRYU5aNMH_Batch_IV_6__Little_List_Page_1.tif),Batch_IV_8__Little_List_pg_5.tif (data/media/attbRkhzPdUdhUTSw_Batch_IV_8__Little_List_pg_5.tif)",20295,1,1,Zodiac,The Little List Letter,"{""errorType"": ""emptyDependency"", ""isStale"": false, ""state"": ""error"", ""value"": null}","{""errorType"": ""emptyDependency"", ""isStale"": false, ""state"": ""error"", ""value"": null}","rechK4YIown8dQIgo,recvNePFbNBhJtDJI",reckfxAcpNcKS2TRn,2026-02-15T17:18:01.000Z,true,the-mikado,,,,
recgpFjv9jS5Dc4LA,The Kathleen Johns Incident,,1970-03-23,"recqcpvWj2OVS3S1w,recGZwp9mtC6qB9Hd,recKnbyZoolHqPzqo,recZNBRlv6fFdSP3l","recoGGiZHd07WTfpM,recOWlJ4skc4bB7Aw,reczdKwEBR0UuEJFZ,recoGGiZHd07WTfpM","recm8mT3p8RVcWO12,recBM8GSgFG8sgfDe","image.png (data/media/attm0PQ2OWp6EU2Wo_image.png),image.png (data/media/attmhWfUDlb4KFQ5n_image.png),5-_07.24_07.26_Two_Envelopes.tif (data/media/attTA5Fq31TncWDMq_5-_07.24_07.26_Two_Envelopes.tif),4-_07.24.1970_Cutouts_Envelope15MB.tif (data/media/attx9pbDkUJqyT7fs_4-_07.24.1970_Cutouts_Envelope15MB.tif),1-_07.24.70_Color_Envelope_16MB.tif (data/media/atts3dbnTDJ5LfzL7_1-_07.24.70_Color_Envelope_16MB.tif),2-_07.24.70_Color_Envelope_15MB.tif (data/media/attJZrS7gIgbzXJJR_2-_07.24.70_Color_Envelope_15MB.tif),Batch_IV_1__Two_Envelopes.tif (data/media/attQQZvPipaSciusK_Batch_IV_1__Two_Envelopes.tif),Batch_IV_7__45MB_Envelope.tif (data/media/attE9mwJF891et9XP_Batch_IV_7__45MB_Envelope.tif),3-_07.24.70_double_expo...tif (data/media/attHbL34mQ9iJ6N0O_3-_07.24.70_double_expo...tif),Batch_IV_11__Double_Exposure__Johns_letter___Envelope.tif (data/media/attqBYyoUv4pMd52u_Batch_IV_11__Double_Exposure__Johns_letter___Envelope.tif),Patterson_Police_Dept_1.jpg (data/media/atto4ooSjaej5tyh1_Patterson_Police_Dept_1.jpg),Patterson_Police_Dept_2.jpg (data/media/attlXe9QGUe6QIio2_Patterson_Police_Dept_2.jpg),Patterson_Police_Dept_1.jpg (data/media/atto4ooSjaej5tyh1_Patterson_Police_Dept_1.jpg),Patterson_Police_Dept_2.jpg (data/media/attlXe9QGUe6QIio2_Patterson_Police_Dept_2.jpg),Stanislaus_Sheriff_s_Dept_1.jpg (data/media/att6tsG3W4pK3CCc2_Stanislaus_Sheriff_s_Dept_1.jpg)",20420,4,2,"Kathleen Johns, Zodiac, Patterson Police Department, Stanislaus County Sheriff's Department","The Johns Letter, Kathleen Johns reports incident to Patterson Police Dept.","{""errorType"": ""emptyDependency"", ""isStale"": false, ""state"": ""error"", ""value"": null}","{""errorType"": ""emptyDependency"", ""isStale"": false, ""state"": ""error"", ""value"": null}",rec4i3CMjLGAYOEhi,recgpFjv9jS5Dc4LA,2026-02-15T17:18:01.000Z,true,the-kathleen-johns-incident,"reczdKwEBR0UuEJFZ,recOWlJ4skc4bB7Aw",recDImIEGwECs4V7G,reczqLUi2H586yt4a,
reckeGmUh2Oxiy7Pr,Zodiac Buttons,,1970-04-28,"recGZwp9mtC6qB9Hd,recXJdTXSNJPLgeJ2",rechALo3pAdQC2YMf,rec1MFx5IegvNCUk7,"Dragon_Outside.PNG (data/media/attIX1Ec3oPWHv29Z_Dragon_Outside.PNG),image.png (data/media/attarzd98111NGoez_image.png),image.png (data/media/attlxygNzUAwxP5ou_image.png),Dragon_Envelope.PNG (data/media/attWZ8iLkfhDDN1IC_Dragon_Envelope.PNG),Dragon_Inside.PNG (data/media/att4UvZFTgRSlZmoc_Dragon_Inside.PNG),image.png (data/media/attmqEWHmYGeDrDT5_image.png),image.png (data/media/attMmNAz0E0gy9ZFZ_image.png),Dragon_Inside2.PNG (data/media/attYmuozzcNixEZb3_Dragon_Inside2.PNG)",20384,2,1,"Zodiac, Melvin Belli",The Dragon Card,"{""errorType"": ""emptyDependency"", ""isStale"": false, ""state"": ""error"", ""value"": null}","{""errorType"": ""emptyDependency"", ""isStale"": false, ""state"": ""error"", ""value"": null}",recvNePFbNBhJtDJI,reckeGmUh2Oxiy7Pr,2026-02-15T17:18:01.000Z,true,zodiac-buttons,rechALo3pAdQC2YMf,,,
recl25iy81YFuLSK6,Blue Meanies,"<https://en.wikipedia.org/wiki/Blue_Meanies_%28Yellow_Submarine%29>

The **Blue Meanies** are the main antagonists in the [surreal](https://en.wikipedia.org/wiki/Surrealism) 1968 [Beatles](https://en.wikipedia.org/wiki/The_Beatles) animated film _[Yellow Submarine](https://en.wikipedia.org/wiki/Yellow_Submarine_(film))_. They are a fictional army of disagreeable beings that abhor all music, [allegorically](https://en.wikipedia.org/wiki/Allegory) representing all the bad people in the world.[[1]](https://en.wikipedia.org/wiki/Blue_Meanies_%28Yellow_Submarine%29#cite_note-hidden-1) Their visual appearance was mostly designed by [Heinz Edelmann](https://en.wikipedia.org/wiki/Heinz_Edelmann).[[2]](https://en.wikipedia.org/wiki/Blue_Meanies_%28Yellow_Submarine%29#cite_note-Al_Brodax-2) Producer [Al Brodax](https://en.wikipedia.org/wiki/Al_Brodax) said that the Chief Blue Meanie resembled production coordinator Abe Goodman.[[1]](https://en.wikipedia.org/wiki/Blue_Meanies_%28Yellow_Submarine%29#cite_note-hidden-1)
Description
In the surreal universe of _Yellow Submarine_, The Blue Meanies attempt to silence and occupy Pepperland, an underwater utopia filled with color and music. The Meanies have blue skin and claw-like, six-fingered hands. They wear black masks around their eyes and hats that resemble [Mickey Mouse's](https://en.wikipedia.org/wiki/Mickey_Mouse) ears on their heads. They are [humanoid](https://en.wikipedia.org/wiki/Humanoid) in appearance — albeit with blue faces and very long noses.[[2]](https://en.wikipedia.org/wiki/Blue_Meanies_%28Yellow_Submarine%29#cite_note-Al_Brodax-2)
**History**
The Blue Meanies launch an attack on Pepperland, a paradise where music and peace reign, in an attempt to crush its spirit. This prompts one of Pepperland's [sailors](https://en.wikipedia.org/wiki/Sailors), the former [Commander](https://en.wikipedia.org/wiki/Commander), now the newly appointed [Lord Admiral](https://en.wikipedia.org/wiki/Lord_Admiral), known as ""Old Fred"" (or ""Young Fred"", according to the even older Lord Mayor), to escape in the Yellow Submarine to find help. Old Fred journeys to [Liverpool](https://en.wikipedia.org/wiki/Liverpool), where he meets [the Beatles](https://en.wikipedia.org/wiki/The_Beatles), whom he enlists for help, since, as musicians, they would be able to restore harmony (and, indeed, melody) to Pepperland. The Meanies, in his absence, cause the lovely and colourful Pepperland to turn into a very grey, dull, and oppressive place, wrought with thorns and thistles.[[3]](https://en.wikipedia.org/wiki/Blue_Meanies_%28Yellow_Submarine%29#cite_note-risky_business-3)
Later in the film, a Meanie abducts the Beatles' companion, [Jeremy Hillary Boob, PhD](https://en.wikipedia.org/wiki/Jeremy_Hillary_Boob), the so-called ""[Nowhere Man](https://en.wikipedia.org/wiki/Nowhere_Man_(song))"". When the Beatles arrive in Pepperland, the audience sees how the Meanies have laid waste to the former paradise and petrified the natives. The Beatles find Pepperland's confiscated musical instruments and their own doubles, [Sgt. Pepper's Lonely Hearts Club Band](https://en.wikipedia.org/wiki/Sgt._Pepper%27s_Lonely_Hearts_Club_Band), and bring music back to Pepperland. This restores colour to the hills and plants and life into the Pepperlanders (who had been petrified by various weapons in the Meanies' possession). With their spell now broken, the Meanies lose their hold on Pepperland: even their guns start shooting flowers instead of missiles. Those that do not flee are invited by The Beatles to stay and ""mingle"", and they make peace with their former enemies.[[4]](https://en.wikipedia.org/wiki/Blue_Meanies_%28Yellow_Submarine%29#cite_note-David_Edward_Dayton-4)
",1968-12-29,"recGZwp9mtC6qB9Hd,recTlChleUbt31ZYY",recz1dFg4PlxNTlyi,"recGynjEPcYPDzu8f,recVjurhso0tAiEcG,recZObAEkKbE1SP3e","My_Name_Is.._letter_Z13_.PNG (data/media/attvmVK0P2CpGmkbz_My_Name_Is.._letter_Z13_.PNG),Bomb_Diagram__My_Name_Is.._.PNG (data/media/attSoQpIq6oiGStGP_Bomb_Diagram__My_Name_Is.._.PNG),Batch_IV_24__My_name_is...__envelope_with_stamp_section_cut_out..tif (data/media/attCGoebmojBGuoud_Batch_IV_24__My_name_is...__envelope_with_stamp_section_cut_out..tif),Batch_IV_25__Another_Exposure.tif (data/media/attJNWuzCLaXQVSi3_Batch_IV_25__Another_Exposure.tif),Batch_IV_14__Unfolded_card_with_Envelope.tif (data/media/attVxUpbuPn0A3vYH_Batch_IV_14__Unfolded_card_with_Envelope.tif),My_Name_Is.._Envelope.tif (data/media/attQowFE5xxWH5G1r_My_Name_Is.._Envelope.tif),My_Name_Is.._letter_Z13_.tif (data/media/attbJnziLZb7cDOyR_My_Name_Is.._letter_Z13_.tif),My_name_is...__envelope_with_stamp_section_cut_out.tif (data/media/attN6OyXStHIMP4xn_My_name_is...__envelope_with_stamp_section_cut_out.tif)",20869,2,3,"Zodiac, The Beatles","The ""My name is” / Z13 Letter, Yellow Submarine opens in Vallejo, News coverage of My Name Is... letter","{""isStale"": true, ""state"": ""empty"", ""value"": null}","{""isStale"": true, ""state"": ""empty"", ""value"": null}","recugZxNRwvs8QBRm,recvNePFbNBhJtDJI,rechK4YIown8dQIgo",recl25iy81YFuLSK6,2026-02-15T17:18:01.000Z,true,blue-meanies,,,,
recRx5DpBWH57bV5x,Cryptography,,1950-03-13,recg462dI0mJi8KMB,reclDBpjPAFiIfUqK,"recmykb8A3bfWtx1h,recchKfOddeIzD79G",,27735,1,2,Chester Clark Klingel Jr.,"Chester Klingel Jr. promoted to message center chief in US Army, The Codebreakers is published","{""errorType"": ""emptyDependency"", ""isStale"": false, ""state"": ""error"", ""value"": null}","{""errorType"": ""emptyDependency"", ""isStale"": false, ""state"": ""error"", ""value"": null}",recvNePFbNBhJtDJI,recRx5DpBWH57bV5x,2026-02-15T17:18:01.000Z,true,cryptography,recru5viHCkNsC21R,,,
recARqcCrYYCA8P03,Military,,1950-03-13,"recg462dI0mJi8KMB,recM454vnmOnqX3rD,rec5sLMwfiMUYMmOS,reczV15noceEWDHkD,rech3D7sonIMHkOft,recBksQ4rNpargfGq",,recmykb8A3bfWtx1h,,27735,6,1,"Chester Clark Klingel Jr., United States Army, United States Navy, Ethan Warren Allen, Arthur Leigh Allen, David Toschi",Chester Klingel Jr. promoted to message center chief in US Army,"{""errorType"": ""emptyDependency"", ""isStale"": false, ""state"": ""error"", ""value"": null}","{""errorType"": ""emptyDependency"", ""isStale"": false, ""state"": ""error"", ""value"": null}",recvNePFbNBhJtDJI,recARqcCrYYCA8P03,2026-02-15T17:18:01.000Z,true,military,,,,
recj1bIkCfoFuTykE,Documents,,,,,,,"{""specialValue"": ""NaN""}",0,0,,,"{""errorType"": ""emptyDependency"", ""isStale"": false, ""state"": ""error"", ""value"": null}","{""errorType"": ""emptyDependency"", ""isStale"": false, ""state"": ""error"", ""value"": null}",,recj1bIkCfoFuTykE,2026-02-15T17:18:01.000Z,true,documents,,,,"recqHvlmSyXK7UYJo,recTMiG4WfngIFgng"
rec4i3CMjLGAYOEhi,Crimes,,,,,,,"{""specialValue"": ""NaN""}",0,0,,,"{""errorType"": ""emptyDependency"", ""isStale"": false, ""state"": ""error"", ""value"": null}","{""errorType"": ""emptyDependency"", ""isStale"": false, ""state"": ""error"", ""value"": null}",,rec4i3CMjLGAYOEhi,2026-02-15T17:18:01.000Z,true,crimes,,,,"recR0NFmznLOB0Nf6,recguCeqiWgWqR24q,rec8HlpeGk8KlrXoi,recgpFjv9jS5Dc4LA,recbaxU1Uyb7wBvsX,recNDQiiKZS8J0t9h,recObA4GdmylyI9eg,receWYqyZXkYs9n2J"
recORhsxyOx3qqSta,Suspects,,,,,,,"{""specialValue"": ""NaN""}",0,0,,,"{""errorType"": ""emptyDependency"", ""isStale"": false, ""state"": ""error"", ""value"": null}","{""errorType"": ""emptyDependency"", ""isStale"": false, ""state"": ""error"", ""value"": null}",recORhsxyOx3qqSta,recORhsxyOx3qqSta,2026-02-15T17:18:01.000Z,true,suspects,,,,"recmahrrdmpZNEgOw,reci68Kc8tcfOciIO,rec0P1VzIqaAG7AIy,recG4JJSN4B5K5Dm6,recORhsxyOx3qqSta,recRw3NSx0m7L2Ntr"
rechK4YIown8dQIgo,Cultural References,,1968-12-29,,,recVjurhso0tAiEcG,,20869,0,1,,Yellow Submarine opens in Vallejo,"{""errorType"": ""emptyDependency"", ""isStale"": false, ""state"": ""error"", ""value"": null}","{""errorType"": ""emptyDependency"", ""isStale"": false, ""state"": ""error"", ""value"": null}",recvNePFbNBhJtDJI,rechK4YIown8dQIgo,2026-02-15T17:18:01.000Z,true,cultural-references,,,,"reckfxAcpNcKS2TRn,recl25iy81YFuLSK6"
recvNePFbNBhJtDJI,Themes,,,,,,,"{""specialValue"": ""NaN""}",0,0,,,"{""errorType"": ""emptyDependency"", ""isStale"": false, ""state"": ""error"", ""value"": null}","{""errorType"": ""emptyDependency"", ""isStale"": false, ""state"": ""error"", ""value"": null}",reciWptHRCNOnXDUv,recvNePFbNBhJtDJI,2026-02-15T17:18:01.000Z,true,themes,,,,"recARqcCrYYCA8P03,reckeGmUh2Oxiy7Pr,rechK4YIown8dQIgo,reckfxAcpNcKS2TRn,rec2NDi2NyMmnA16Y,recl25iy81YFuLSK6,rec77VSkiIMgVNNt0,recRx5DpBWH57bV5x"
recugZxNRwvs8QBRm,Phrases,,,,,,,"{""specialValue"": ""NaN""}",0,0,,,"{""errorType"": ""emptyDependency"", ""isStale"": false, ""state"": ""error"", ""value"": null}","{""errorType"": ""emptyDependency"", ""isStale"": false, ""state"": ""error"", ""value"": null}",,recugZxNRwvs8QBRm,2026-02-15T17:18:01.000Z,true,phrases,,,,"recl25iy81YFuLSK6,reca1CGmX8QNFkDDK"
reckyY4Jj8pzIulRc,The Manson Family,,1969-10-12,recPqL3Y9XApsG18S,,"recfM41Mi6IeiKwE5,recWV9gWzMWp2x5bN",,20582,1,2,The Manson Family,"Manson Family arrests in Trona, Manson Family revealed as Tate-LaBianca suspects","{""errorType"": ""emptyDependency"", ""isStale"": false, ""state"": ""error"", ""value"": null}","{""errorType"": ""emptyDependency"", ""isStale"": false, ""state"": ""error"", ""value"": null}",recVDRoj4xiOtfJlz,reckyY4Jj8pzIulRc,2026-02-15T17:18:01.000Z,true,the-manson-family,,"reccuFwS3SQNJRVps,recHA4DDJVtmmW5qa",,
rec77VSkiIMgVNNt0,Renaissance Fairs,,1967-10-07,"recODpN1g6c3LOqmF,recFjCYNvW74IINvL","recdJD0UMr0sLWnoP,reccc4DJglsozqk4X,recsymZpbhdQR0sTJ,recI23PwWk9LHWBwV,recOWNeuC5ab8V4cG,recsymZpbhdQR0sTJ,recyno3WLIeYpMq7p","recoquw0qH5nqeJSt,rec790ij9Opms13lQ,rec1EVujcHiGg5ijW,rec4LAk5vtwJguWT5,recWTzaDZwWpfGU7F,recYBJPM7ROdql8Dg",,21318,2,6,"Paul Alfred Doerr, Jr., Northern California Renaissance Pleasure Faire","1st Annual Renaissance Pleasure Fair in San Rafael, 2nd Annual Renaissance Pleasure Faire, 3rd Annual Renaissance Pleasure Faire, 4th Annual Renaissance Pleasure Faire, 9/27 Renaissance Pleasure Faire, BayCon 1968","{""errorType"": ""emptyDependency"", ""isStale"": false, ""state"": ""error"", ""value"": null}","{""errorType"": ""emptyDependency"", ""isStale"": false, ""state"": ""error"", ""value"": null}",recvNePFbNBhJtDJI,rec77VSkiIMgVNNt0,2026-02-15T17:18:01.000Z,true,renaissance-fairs,,recioUzi4gjitPDzS,,
rec3MFudQf3svc039,Santa Rosa Hitchhiker Murders,,,recVgzsjtQvTLJ7U0,,,,"{""specialValue"": ""NaN""}",1,0,California Department of Justice,,"{""errorType"": ""emptyDependency"", ""isStale"": false, ""state"": ""error"", ""value"": null}","{""errorType"": ""emptyDependency"", ""isStale"": false, ""state"": ""error"", ""value"": null}",recVDRoj4xiOtfJlz,rec3MFudQf3svc039,2026-02-15T17:18:01.000Z,true,santa-rosa-hitchhiker-murders,recfDYDlUc3lTU0hN,,,
reca1CGmX8QNFkDDK,The Red Phantom (Red with rage),,1962-10-02,"recGZwp9mtC6qB9Hd,rec7mWjRsgHKOVGuk",recihWtdD3EWJSmS6,recXWIWFBz95hjA2J,"image.png (data/media/attbY1wyqDEMlJBr3_image.png),image.png (data/media/attSVxAL1pKBZRXbe_image.png)",23149,2,1,"Zodiac, Count Marco (Marc H. Spinelli)",Count Marco's Chicago letter referencing Red Phantom,"{""errorType"": ""emptyDependency"", ""isStale"": false, ""state"": ""error"", ""value"": null}","{""errorType"": ""emptyDependency"", ""isStale"": false, ""state"": ""error"", ""value"": null}",recugZxNRwvs8QBRm,reca1CGmX8QNFkDDK,2026-02-15T17:18:01.000Z,true,the-red-phantom-red-with-rage,recihWtdD3EWJSmS6,,,
recRw3NSx0m7L2Ntr,"William Joseph Grant, aka Andrew Todd Walker",,1977-06-05,recE0OBRoXJWRUuyP,recc5m61wdNJIJZy5,"rec5SntU205sl4Qgb,rec1XLWK3EHG7HCkW",,17789,1,2,William Joseph Grant,"Informant reports William Joseph Grant, Vallejo Police interview with Karen re: Andrew Todd Walker","{""errorType"": ""emptyDependency"", ""isStale"": false, ""state"": ""error"", ""value"": null}","{""errorType"": ""emptyDependency"", ""isStale"": false, ""state"": ""error"", ""value"": null}",recORhsxyOx3qqSta,recRw3NSx0m7L2Ntr,2026-02-15T17:18:01.000Z,true,william-joseph-grant-aka-andrew-todd-walker,recc5m61wdNJIJZy5,recURm55M69p21vYN,,
reccMusAYlPJVfBjX,The Painting Party,,1969-05-24,"recqnMabDxM7bibg6,rec0mHA5xfMB7wYES",,recAoMhr1stLK9EOU,,20723,2,1,"Karen (Ellendy?), Darlene (Suennen) Ferrin",The Painting Party,"{""errorType"": ""emptyDependency"", ""isStale"": false, ""state"": ""error"", ""value"": null}","{""errorType"": ""emptyDependency"", ""isStale"": false, ""state"": ""error"", ""value"": null}",recmZej8uCTPcOvUf,reccMusAYlPJVfBjX,2026-02-15T17:18:01.000Z,true,the-painting-party,,,,
rec2NDi2NyMmnA16Y,Diving,,,recODpN1g6c3LOqmF,,,,"{""specialValue"": ""NaN""}",1,0,"Paul Alfred Doerr, Jr.",,"{""errorType"": ""emptyDependency"", ""isStale"": false, ""state"": ""error"", ""value"": null}","{""errorType"": ""emptyDependency"", ""isStale"": false, ""state"": ""error"", ""value"": null}",recvNePFbNBhJtDJI,rec2NDi2NyMmnA16Y,2026-02-15T17:18:01.000Z,true,diving,,,,
recmZej8uCTPcOvUf,Apocrypha,,,,,,,"{""specialValue"": ""NaN""}",0,0,,,"{""errorType"": ""emptyDependency"", ""isStale"": false, ""state"": ""error"", ""value"": null}","{""errorType"": ""emptyDependency"", ""isStale"": false, ""state"": ""error"", ""value"": null}",,recmZej8uCTPcOvUf,2026-02-15T17:18:01.000Z,true,apocrypha,,,,reccMusAYlPJVfBjX
recVDRoj4xiOtfJlz,Other Crimes,,,,,,,"{""specialValue"": ""NaN""}",0,0,,,"{""errorType"": ""emptyDependency"", ""isStale"": false, ""state"": ""error"", ""value"": null}","{""errorType"": ""emptyDependency"", ""isStale"": false, ""state"": ""error"", ""value"": null}",,recVDRoj4xiOtfJlz,2026-02-15T17:18:01.000Z,true,other-crimes,,,,"reckyY4Jj8pzIulRc,rec3MFudQf3svc039"
reciWptHRCNOnXDUv,"Bombs, Explosives, and Demolition",,1969-11-09,"rech3D7sonIMHkOft,recODpN1g6c3LOqmF",recbIWEBEmulIsELt,recUbqdTlUUzuMoZC,"1969-11-8_9_0a-envelope.tif (data/media/attOcDS7V00BSFJ0e_1969-11-8_9_0a-envelope.tif),image.png (data/media/att2u52YdTJqdz4bQ_image.png),1969-11-8_9_01.tif (data/media/attAgzMoCzDyEMjqu_1969-11-8_9_01.tif),bbl2hr.jpg (data/media/att618pP7OsPiCiPq_bbl2hr.jpg),1969-11-8_9_02.tif (data/media/attrNAOIvjfNpgLVI_1969-11-8_9_02.tif),bbl3hr.jpg (data/media/att2aL5UgCOim4Yes_bbl3hr.jpg),bbl4hr.jpg (data/media/att9zqWQsGVpIhYaV_bbl4hr.jpg),1969-11-8_9_04.tif (data/media/atth6bIBKaWv6bdAC_1969-11-8_9_04.tif),bbl5hr.jpg (data/media/attRRUyYTiqNE1dUb_bbl5hr.jpg),1969-11-8_9-diagramALT.tif (data/media/attcSYcjNFMeZ6vsv_1969-11-8_9-diagramALT.tif),Bus_Bomb_Diagram.tif (data/media/attRMsRXq38qL9Ubx_Bus_Bomb_Diagram.tif),1969-11-8_9-06.PNG (data/media/attLnEGOE6cknWmQD_1969-11-8_9-06.PNG),1969-11-8_9_07.PNG (data/media/att5AqmN3qqj3uz4Q_1969-11-8_9_07.PNG)",20554,2,1,"Arthur Leigh Allen, Paul Alfred Doerr, Jr.",The Bus Bomb Letter,"{""errorType"": ""emptyDependency"", ""isStale"": false, ""state"": ""error"", ""value"": null}","{""errorType"": ""emptyDependency"", ""isStale"": false, ""state"": ""error"", ""value"": null}",,reciWptHRCNOnXDUv,2026-02-15T17:18:01.000Z,true,bombs-explosives-and-demolition,recbIWEBEmulIsELt,,,recvNePFbNBhJtDJI
rect44YEtF3jKtHcB,The 408 Cipher,,1969-07-31,"recGZwp9mtC6qB9Hd,recLS6oYJ6Lv8rJAB,recHXVfggUxX8lL6s","recJmxAbIBJnbQAKR,rec9lm6P0MuT37tPM,recxJoUWelzbOBAhf,recMETFnfKLS23nOM,rec2Q0nX7WsuZkhqH,recJmxAbIBJnbQAKR,rec9lm6P0MuT37tPM,recxJoUWelzbOBAhf,recMETFnfKLS23nOM","recfw0x9CSoAiFK41,recPYJADv8EJWdYzd,recAJjplezVzhY2GE","image.png (data/media/attukFwLofawvovxQ_image.png),image.png (data/media/att12Zwg7OHdeKV6E_image.png),image.png (data/media/atta5gRrTQYfjUVUz_image.png),image.png (data/media/att2NOSm872Eu1tyS_image.png),image.png (data/media/attwtbpM09LFCH58p_image.png),image.png (data/media/attzV9e0MBiFNaO8l_image.png),image.png (data/media/atthrJGrInKipJE3p_image.png),image.png (data/media/att1rFZIwdYw19Hbo_image.png),image.png (data/media/attKPwnQEKHj561Xv_image.png),image.png (data/media/attOKS2Fsp9MUNVLX_image.png),image.png (data/media/attTiwGrISdxh1CDA_image.png),image.png (data/media/attKZQAFihytPmxVL_image.png),image.png (data/media/attF2B3x7CkaHAvER_image.png),image.png (data/media/attdJbfwaaC6twFZX_image.png),image.png (data/media/attW0OimSUDmQDeIR_image.png),SF_Examiner_Env.PNG (data/media/att7NWd9VFsHNuZjb_SF_Examiner_Env.PNG),SF_Examiner_Letter_Cipher__Envelope.PNG (data/media/attxsoKF23UKKuo4d_SF_Examiner_Letter_Cipher__Envelope.PNG),image.png (data/media/att2NgOxdMBlUezyy_image.png),image.png (data/media/atthrJGrInKipJE3p_image.png),image.png (data/media/att1rFZIwdYw19Hbo_image.png),image.png (data/media/attKPwnQEKHj561Xv_image.png),image.png (data/media/attOKS2Fsp9MUNVLX_image.png),image.png (data/media/attTiwGrISdxh1CDA_image.png),image.png (data/media/attKZQAFihytPmxVL_image.png),image.png (data/media/attF2B3x7CkaHAvER_image.png),image.png (data/media/attdJbfwaaC6twFZX_image.png),image.png (data/media/attW0OimSUDmQDeIR_image.png),SF_Examiner_Env.PNG (data/media/att7NWd9VFsHNuZjb_SF_Examiner_Env.PNG),SF_Examiner_Letter_Cipher__Envelope.PNG (data/media/attxsoKF23UKKuo4d_SF_Examiner_Letter_Cipher__Envelope.PNG),image.png (data/media/att2NgOxdMBlUezyy_image.png)",20655,3,3,"Zodiac, Bettye Harden, Donald Harden","The Z408 Cipher Solved, The Cipher Letters and the Z408, Dr. D.C.B. Marsh dares Zodiac to reveal name","{""errorType"": ""emptyDependency"", ""isStale"": false, ""state"": ""error"", ""value"": null}","{""errorType"": ""emptyDependency"", ""isStale"": false, ""state"": ""error"", ""value"": null}",,rect44YEtF3jKtHcB,2026-02-15T17:18:01.000Z,true,the-408-cipher,recru5viHCkNsC21R,,,
recZHBNn1SOnJ26Dn,Possible Pseudonymous Zodiac,,1962-10-02,,"recihWtdD3EWJSmS6,recru5viHCkNsC21R,recVbnx9PWBwD16AH,recNEL7XKWT3Drf93,recihWtdD3EWJSmS6","reckxMexr8sa80qXX,recISLlMUV2t4GZ0s,recXWIWFBz95hjA2J,recG2JYZECdy5zokV,reccwnrY4xyeYm6Tq,recr1weKUcPTDZIuX","image.png (data/media/attO7RDFZdSh55K0m_image.png),image.png (data/media/attyH6xGZn9LngPUU_image.png),image.png (data/media/attYarxTFnT4PHf13_image.png),image.png (data/media/attI4y4Elev5Q4Ism_image.png),image.png (data/media/attoa3dDcEdIx2UFS_image.png),image.png (data/media/attyTKira50cfFcA7_image.png),image.png (data/media/attbY1wyqDEMlJBr3_image.png),image.png (data/media/attSVxAL1pKBZRXbe_image.png),image.png (data/media/attbY1wyqDEMlJBr3_image.png),image.png (data/media/attSVxAL1pKBZRXbe_image.png),image.png (data/media/attFpD3HFuKAoWh1O_image.png),image.png (data/media/attpT7pRJmtfxDBBZ_image.png),EXORCIST_ENVELOPE.tif (data/media/attgDxeYpblnQSteX_EXORCIST_ENVELOPE.tif),696314-1978-5-15-035...tif (data/media/attzrm0GSYEwRxfd3_696314-1978-5-15-035...tif),image.png (data/media/attfQBk3MBVccanxi_image.png),image.png (data/media/att1l2jE9xs4uCTGL_image.png)",23149,0,6,,"The Concerned Citizen Card, The Red Phantom Letter is mailed, Count Marco's Chicago letter referencing Red Phantom, Count Marco's Happily Married letter referencing Red Phantom, The SLA Letter, The Exorcist Letter","{""errorType"": ""emptyDependency"", ""isStale"": false, ""state"": ""error"", ""value"": null}","{""errorType"": ""emptyDependency"", ""isStale"": false, ""state"": ""error"", ""value"": null}",,recZHBNn1SOnJ26Dn,2026-02-15T17:18:01.000Z,true,possible-pseudonymous-zodiac,recru5viHCkNsC21R,,,recqHvlmSyXK7UYJo
recnyN76pwtLF9eBJ,Marvin Margolis,,1947-01-15,"recoOKTf4wXF3GBYn,reck9mzheu3yuoDWi,recDGLrzZDACdBeH6",,"recxNREAEkp81YHhh,recuLlpHkGvMXeEeQ,recuedkkLZd51Nd8x,recdWDlUyGaTqu29y,recCrD4tC0vJHowE4,reckBlXfwOEPHVuzI,rec1ItC2hUR9ajXWE,recwV2KcxNP5fVVZN,recSO0r5G4dBjGcVr,recp7VSk50ch4MQEh,recaLXBXGk2YnpEP0,recPgYIXBepgFUtiw,recZ4772B9Dt5m0EN",,28888,3,13,"Marvin Skipton Margolis Merrill, Elizabeth Short, Donna Faye McEachern Merrill","Elizabeth Short's body is found, Marvin Margolis gets marriage license as M. Skipton Merrill, Marvin Merrill is jailed, Merrill still owns land in San Diego County in 1977, Marvin Merrill endorses failed rezoning effort, Likely reference to Marvin Merrill in article about Vista, CA school location, Marvin Merrill's wife sells vehicles, Skipton Merrill's Wellington Art Association announces art show, Marvin Merrill is sued in small claims court, Marvin Merrill's wife Donna remarries, Merrill sells two paintings to Medford, OK furniture company, Marvin Merrill referenced in Atlanta synagogue, Marvin Merrill's in-laws visit in Atlanta","{""errorType"": ""emptyDependency"", ""isStale"": false, ""state"": ""error"", ""value"": null}","{""errorType"": ""emptyDependency"", ""isStale"": false, ""state"": ""error"", ""value"": null}",,recnyN76pwtLF9eBJ,2026-02-15T17:18:01.000Z,true,marvin-margolis,,,,
recGZww4h3NB4LFRY,The Daniel Williams incident,,1969-11-02,recQtG7CYhL21Bmxw,,"recVUeAEw8Xz2pbV3,recELayBVNFecSolc,recFFSKEFx7Q5CKxl,recv0eSofvT2sLgp6",,20561,1,4,Daniel B. Williams,"SF Examiner: ""Zodiac Caller Tries to Kill Teacher With Arsenic"" [Daniel Williams incident], Daniel Williams' life threatened in call to police, Daniel Williams begins receiving threatening phone calls from ""Zodiac"", Daniel Williams arsenic incident","{""errorType"": ""emptyDependency"", ""isStale"": false, ""state"": ""error"", ""value"": null}","{""errorType"": ""emptyDependency"", ""isStale"": false, ""state"": ""error"", ""value"": null}",,recGZww4h3NB4LFRY,2026-02-15T17:18:01.000Z,true,the-daniel-williams-incident,,recWAiXUOtxO9qHI7,,receWYqyZXkYs9n2J
recVg2H8YXjWXz7GQ,The Murder of Ray Davis,,1962-04-10,rec3AUDM0qROLgURJ,,"rechDXL7fzT5QdbmD,rec704ld5gpDxDLY3,recbvIYyF9fP46Oqs",,23324,1,3,Raymond Davis,"Purported murderer of Ray Davis calls police again, Ray Davis murdered in taxi cab, Purported murderer of Ray Davis calls police","{""errorType"": ""emptyDependency"", ""isStale"": false, ""state"": ""error"", ""value"": null}","{""errorType"": ""emptyDependency"", ""isStale"": false, ""state"": ""error"", ""value"": null}",,recVg2H8YXjWXz7GQ,2026-02-15T17:18:01.000Z,true,the-murder-of-ray-davis,,"recb0X8kEnkBnJw0f,recW384s2m6sCR5Yz",,receWYqyZXkYs9n2J
